2026-08-22 14:03:25,978 - INFO - Found credentials in environment variables.
2026-08-22 14:03:26,095 - INFO - === Starting extraction for 2018 ===
2026-08-22 14:03:26,095 - INFO - 2018 - fetching batch 1...
2026-08-22 14:03:41,656 - INFO - 2018 — batch 1 saved (500 records, 500 total out of 329356)
2026-08-22 14:03:41,657 - INFO - 2018 -  all pages fetched
2026-08-22 14:03:41,657 - INFO - === 2018 complete: 500 records ===

2026-08-22 14:03:41,657 - INFO - === Starting extraction for 2019 ===
2026-08-22 14:03:41,657 - INFO - 2019 - fetching batch 1...
2026-08-22 14:03:52,798 - INFO - 2019 — batch 1 saved (500 records, 500 total out of 349256)
2026-08-22 14:03:52,799 - INFO - 2019 -  all pages fetched
2026-08-22 14:03:52,799 - INFO - === 2019 complete: 500 records ===

2026-08-22 14:03:52,799 - INFO - === Starting extraction for 2020 ===
2026-08-22 14:03:52,799 - INFO - 2020 - fetching batch 1...
2026-08-22 14:04:05,398 - INFO - 2020 — batch 1 saved (500 records, 500 total out of 328439)
2026-08-22 14:04:05,399 - INFO - 2020 -  all pages fetched
2026-08-22 14:04:05,399 - INFO - === 2020 complete: 500 records ===

2026-08-22 14:04:05,399 - INFO - === Starting extraction for 2021 ===
2026-08-22 14:04:05,400 - INFO - 2021 - fetching batch 1...
2026-08-22 14:04:17,565 - INFO - 2021 — batch 1 saved (500 records, 500 total out of 369151)
2026-08-22 14:04:17,566 - INFO - 2021 -  all pages fetched
2026-08-22 14:04:17,566 - INFO - === 2021 complete: 500 records ===

2026-08-22 14:04:17,566 - INFO - === Starting extraction for 2022 ===
2026-08-22 14:04:17,566 - INFO - 2022 - fetching batch 1...
2026-08-22 14:04:28,563 - INFO - 2022 — batch 1 saved (500 records, 500 total out of 441604)
2026-08-22 14:04:28,564 - INFO - 2022 -  all pages fetched
2026-08-22 14:04:28,564 - INFO - === 2022 complete: 500 records ===

2026-08-22 14:04:28,564 - INFO - === Starting extraction for 2023 ===
2026-08-22 14:04:28,564 - INFO - 2023 - fetching batch 1...
2026-08-22 14:04:42,443 - INFO - 2023 — batch 1 saved (500 records, 500 total out of 454645)
2026-08-22 14:04:42,444 - INFO - 2023 -  all pages fetched
2026-08-22 14:04:42,444 - INFO - === 2023 complete: 500 records ===

2026-08-22 14:04:42,444 - INFO - === Starting extraction for 2024 ===
2026-08-22 14:04:42,444 - INFO - 2024 - fetching batch 1...
2026-08-22 14:04:52,985 - INFO - 2024 — batch 1 saved (500 records, 500 total out of 367058)
2026-08-22 14:04:52,985 - INFO - 2024 -  all pages fetched
2026-08-22 14:04:52,985 - INFO - === 2024 complete: 500 records ===

2026-08-22 14:04:52,985 - INFO - === Starting extraction for 2025 ===
2026-08-22 14:04:52,985 - INFO - 2025 - fetching batch 1...
2026-08-22 14:04:56,188 - INFO - 2025 — batch 1 saved (500 records, 500 total out of 168254)
2026-08-22 14:04:56,188 - INFO - 2025 -  all pages fetched
2026-08-22 14:04:56,188 - INFO - === 2025 complete: 500 records ===

2026-08-22 14:04:56,188 - INFO - Historical backfill complete
2026-08-22 14:08:09,145 - INFO - Found credentials in environment variables.
2026-08-22 14:08:09,337 - INFO - === Starting extraction for 2018 ===
2026-08-22 14:08:09,337 - INFO - 2018 - fetching batch 1...
2026-08-22 14:08:11,750 - INFO - 2018 — batch 1 saved (500 records, 500 total out of 329356)
2026-08-22 14:08:12,252 - INFO - 2018 - fetching batch 2...
2026-08-22 14:08:12,672 - ERROR - 2018 — API error on batch 2: 503 Server Error: Service Unavailable for url: https://data.usajobs.gov/api/historicjoa?startpositionopendate=01-01-2018&endpositionopendate=12-31-2018&continuationToken=Wj4TFKZIWnqUn9XtgxQjaw%253D%253D
2026-08-22 14:08:12,672 - INFO - Waiting 30s before retry...
2026-08-22 14:08:42,675 - INFO - 2018 - fetching batch 2...
2026-08-22 14:08:43,171 - ERROR - 2018 — API error on batch 2: 503 Server Error: Service Unavailable for url: https://data.usajobs.gov/api/historicjoa?startpositionopendate=01-01-2018&endpositionopendate=12-31-2018&continuationToken=Wj4TFKZIWnqUn9XtgxQjaw%253D%253D
2026-08-22 14:08:43,171 - INFO - Waiting 30s before retry...
2026-08-22 14:13:33,435 - INFO - Found credentials in environment variables.
2026-08-22 14:13:33,547 - INFO - === Starting extraction for 2018 ===
2026-08-22 14:13:33,547 - INFO - 2018 — fetching batch 1...
2026-08-22 14:13:36,652 - INFO - 2018 — batch 1 saved (500 records, 500 total out of 329356)
2026-08-22 14:13:37,657 - INFO - 2018 — fetching batch 2...
2026-08-22 14:13:38,107 - ERROR - 2018 — API error on batch 2: 503 Server Error: Service Unavailable for url: https://data.usajobs.gov/api/historicjoa?startpositionopendate=01-01-2018&endpositionopendate=12-31-2018&continuationToken=Wj4TFKZIWnqUn9XtgxQjaw%253D%253D
2026-08-22 14:13:38,107 - INFO - Retry 1/5 — waiting 30s...
2026-08-22 14:14:08,112 - INFO - 2018 — fetching batch 2...
2026-08-22 14:14:08,441 - ERROR - 2018 — API error on batch 2: 503 Server Error: Service Unavailable for url: https://data.usajobs.gov/api/historicjoa?startpositionopendate=01-01-2018&endpositionopendate=12-31-2018&continuationToken=Wj4TFKZIWnqUn9XtgxQjaw%253D%253D
2026-08-22 14:14:08,442 - INFO - Retry 2/5 — waiting 60s...
2026-08-22 14:15:35,031 - INFO - Found credentials in environment variables.
2026-08-22 14:15:35,169 - INFO - === Starting extraction for 2018 ===
2026-08-22 14:15:35,169 - INFO - 2018 — fetching batch 1...
2026-08-22 14:15:38,775 - INFO - 2018 — batch 1 saved (500 records, 500 total out of 329356)
2026-08-22 14:15:39,781 - INFO - 2018 — fetching batch 2...
2026-08-22 14:15:40,187 - ERROR - 2018 — API error on batch 2: 503 Server Error: Service Unavailable for url: https://data.usajobs.gov/api/historicjoa?startpositionopendate=01-01-2018&endpositionopendate=12-31-2018&continuationtoken=Wj4TFKZIWnqUn9XtgxQjaw%253D%253D
2026-08-22 14:15:40,188 - INFO - Retry 1/5 — waiting 30s...
2026-08-22 14:24:42,879 - INFO - Found credentials in environment variables.
2026-08-22 14:24:43,051 - INFO - === Starting extraction for 2018 ===
2026-08-22 14:24:43,051 - INFO - 2018 — fetching batch 1...
2026-08-22 14:24:45,893 - INFO - 2018 — batch 1 saved (500 records, 500 total out of 329356)
2026-08-22 14:24:46,897 - INFO - 2018 — fetching batch 2...
2026-08-22 14:24:48,500 - INFO - 2018 — batch 2 saved (500 records, 1000 total out of 328856)
2026-08-22 14:24:49,503 - INFO - 2018 — fetching batch 3...
2026-08-22 14:24:51,127 - INFO - 2018 — batch 3 saved (500 records, 1500 total out of 328356)
2026-08-22 14:24:52,132 - INFO - 2018 — fetching batch 4...
2026-08-22 14:24:54,028 - INFO - 2018 — batch 4 saved (500 records, 2000 total out of 327856)
2026-08-22 14:24:55,033 - INFO - 2018 — fetching batch 5...
2026-08-22 14:24:56,613 - INFO - 2018 — batch 5 saved (500 records, 2500 total out of 327356)
2026-08-22 14:24:57,616 - INFO - 2018 — fetching batch 6...
2026-08-22 14:24:59,260 - INFO - 2018 — batch 6 saved (500 records, 3000 total out of 326856)
2026-08-22 14:25:00,266 - INFO - 2018 — fetching batch 7...
2026-08-22 14:25:01,935 - INFO - 2018 — batch 7 saved (500 records, 3500 total out of 326356)
2026-08-22 14:25:02,938 - INFO - 2018 — fetching batch 8...
2026-08-22 14:25:06,372 - INFO - 2018 — batch 8 saved (500 records, 4000 total out of 325856)
2026-08-22 14:25:07,379 - INFO - 2018 — fetching batch 9...
2026-08-22 14:25:09,731 - INFO - 2018 — batch 9 saved (500 records, 4500 total out of 325356)
2026-08-22 14:25:10,737 - INFO - 2018 — fetching batch 10...
2026-08-22 14:25:12,385 - INFO - 2018 — batch 10 saved (500 records, 5000 total out of 324856)
2026-08-22 14:25:13,390 - INFO - 2018 — fetching batch 11...
2026-08-22 14:25:14,940 - INFO - 2018 — batch 11 saved (500 records, 5500 total out of 324356)
2026-08-22 14:25:15,946 - INFO - 2018 — fetching batch 12...
2026-08-22 14:25:18,250 - INFO - 2018 — batch 12 saved (500 records, 6000 total out of 323856)
2026-08-22 14:25:19,251 - INFO - 2018 — fetching batch 13...
2026-08-22 14:25:20,853 - INFO - 2018 — batch 13 saved (500 records, 6500 total out of 323356)
2026-08-22 14:25:21,859 - INFO - 2018 — fetching batch 14...
2026-08-22 14:25:25,387 - INFO - 2018 — batch 14 saved (500 records, 7000 total out of 322856)
2026-08-22 14:25:26,393 - INFO - 2018 — fetching batch 15...
2026-08-22 14:25:28,132 - INFO - 2018 — batch 15 saved (500 records, 7500 total out of 322356)
2026-08-22 14:25:29,134 - INFO - 2018 — fetching batch 16...
2026-08-22 14:25:31,731 - INFO - 2018 — batch 16 saved (500 records, 8000 total out of 321856)
2026-08-22 14:25:32,737 - INFO - 2018 — fetching batch 17...
2026-08-22 14:25:34,415 - INFO - 2018 — batch 17 saved (500 records, 8500 total out of 321356)
2026-08-22 14:25:35,420 - INFO - 2018 — fetching batch 18...
2026-08-22 14:25:37,580 - INFO - 2018 — batch 18 saved (500 records, 9000 total out of 320856)
2026-08-22 14:25:38,584 - INFO - 2018 — fetching batch 19...
2026-08-22 14:25:40,396 - INFO - 2018 — batch 19 saved (500 records, 9500 total out of 320356)
2026-08-22 14:25:41,399 - INFO - 2018 — fetching batch 20...
2026-08-22 14:25:43,107 - INFO - 2018 — batch 20 saved (500 records, 10000 total out of 319856)
2026-08-22 14:25:44,111 - INFO - 2018 — fetching batch 21...
2026-08-22 14:25:45,815 - INFO - 2018 — batch 21 saved (500 records, 10500 total out of 319356)
2026-08-22 14:25:46,820 - INFO - 2018 — fetching batch 22...
2026-08-22 14:25:48,387 - INFO - 2018 — batch 22 saved (500 records, 11000 total out of 318856)
2026-08-22 14:25:49,390 - INFO - 2018 — fetching batch 23...
2026-08-22 14:25:57,965 - INFO - 2018 — batch 23 saved (500 records, 11500 total out of 318356)
2026-08-22 14:25:58,973 - INFO - 2018 — fetching batch 24...
2026-08-22 14:26:10,781 - INFO - 2018 — batch 24 saved (500 records, 12000 total out of 317856)
2026-08-22 14:26:11,789 - INFO - 2018 — fetching batch 25...
2026-08-22 16:57:00,138 - INFO - Found credentials in environment variables.
2026-08-22 16:57:00,407 - INFO - === Starting extraction for 2018 ===
2026-08-22 16:57:00,407 - INFO - 2018 — fetching batch 1...
2026-08-22 16:57:14,128 - INFO - 2018 — batch 1 saved (500 records, 500 total out of 329356)
2026-08-22 16:57:15,137 - INFO - 2018 — fetching batch 2...
2026-08-22 16:57:28,679 - INFO - 2018 — batch 2 saved (500 records, 1000 total out of 328856)
2026-08-22 16:57:29,684 - INFO - 2018 — fetching batch 3...
2026-08-22 16:57:44,013 - INFO - 2018 — batch 3 saved (500 records, 1500 total out of 328356)
2026-08-22 16:57:45,020 - INFO - 2018 — fetching batch 4...
2026-08-22 16:57:59,578 - INFO - 2018 — batch 4 saved (500 records, 2000 total out of 327856)
2026-08-22 16:58:00,583 - INFO - 2018 — fetching batch 5...
2026-08-22 16:58:17,798 - INFO - 2018 — batch 5 saved (500 records, 2500 total out of 327356)
2026-08-22 16:58:18,801 - INFO - 2018 — fetching batch 6...
2026-08-22 16:58:37,395 - INFO - 2018 — batch 6 saved (500 records, 3000 total out of 326856)
2026-08-22 16:58:38,401 - INFO - 2018 — fetching batch 7...
2026-08-22 16:58:51,645 - INFO - 2018 — batch 7 saved (500 records, 3500 total out of 326356)
2026-08-22 16:58:52,652 - INFO - 2018 — fetching batch 8...
2026-08-22 16:59:07,242 - INFO - 2018 — batch 8 saved (500 records, 4000 total out of 325856)
2026-08-22 16:59:08,246 - INFO - 2018 — fetching batch 9...
2026-08-22 16:59:22,926 - INFO - 2018 — batch 9 saved (500 records, 4500 total out of 325356)
2026-08-22 16:59:23,932 - INFO - 2018 — fetching batch 10...
2026-08-22 16:59:37,500 - INFO - 2018 — batch 10 saved (500 records, 5000 total out of 324856)
2026-08-22 16:59:38,507 - INFO - 2018 — fetching batch 11...
2026-08-22 16:59:53,131 - INFO - 2018 — batch 11 saved (500 records, 5500 total out of 324356)
2026-08-22 16:59:54,137 - INFO - 2018 — fetching batch 12...
2026-08-22 17:00:15,400 - INFO - 2018 — batch 12 saved (500 records, 6000 total out of 323856)
2026-08-22 17:00:16,407 - INFO - 2018 — fetching batch 13...
2026-08-22 17:00:30,043 - INFO - 2018 — batch 13 saved (500 records, 6500 total out of 323356)
2026-08-22 17:00:31,070 - INFO - 2018 — fetching batch 14...
2026-08-22 17:00:54,955 - INFO - 2018 — batch 14 saved (500 records, 7000 total out of 322856)
2026-08-22 17:00:55,958 - INFO - 2018 — fetching batch 15...
2026-08-22 17:01:10,593 - INFO - 2018 — batch 15 saved (500 records, 7500 total out of 322356)
2026-08-22 17:01:11,597 - INFO - 2018 — fetching batch 16...
2026-08-22 17:01:24,501 - INFO - 2018 — batch 16 saved (500 records, 8000 total out of 321856)
2026-08-22 17:01:25,508 - INFO - 2018 — fetching batch 17...
2026-08-22 17:01:41,252 - INFO - 2018 — batch 17 saved (500 records, 8500 total out of 321356)
2026-08-22 17:01:42,258 - INFO - 2018 — fetching batch 18...
2026-08-22 17:01:56,252 - INFO - 2018 — batch 18 saved (500 records, 9000 total out of 320856)
2026-08-22 17:01:57,256 - INFO - 2018 — fetching batch 19...
2026-08-22 17:02:11,598 - INFO - 2018 — batch 19 saved (500 records, 9500 total out of 320356)
2026-08-22 17:02:12,602 - INFO - 2018 — fetching batch 20...
2026-08-22 17:02:27,906 - INFO - 2018 — batch 20 saved (500 records, 10000 total out of 319856)
2026-08-22 17:02:28,913 - INFO - 2018 — fetching batch 21...
2026-08-22 17:02:42,196 - INFO - 2018 — batch 21 saved (500 records, 10500 total out of 319356)
2026-08-22 17:02:43,202 - INFO - 2018 — fetching batch 22...
2026-08-22 17:02:57,594 - INFO - 2018 — batch 22 saved (500 records, 11000 total out of 318856)
2026-08-22 17:02:58,596 - INFO - 2018 — fetching batch 23...
2026-08-22 17:03:11,226 - INFO - 2018 — batch 23 saved (500 records, 11500 total out of 318356)
2026-08-22 17:03:12,233 - INFO - 2018 — fetching batch 24...
2026-08-22 17:03:26,734 - INFO - 2018 — batch 24 saved (500 records, 12000 total out of 317856)
2026-08-22 17:03:27,740 - INFO - 2018 — fetching batch 25...
2026-08-22 17:03:41,393 - INFO - 2018 — batch 25 saved (500 records, 12500 total out of 317356)
2026-08-22 17:03:42,399 - INFO - 2018 — fetching batch 26...
2026-08-22 17:03:58,083 - INFO - 2018 — batch 26 saved (500 records, 13000 total out of 316856)
2026-08-22 17:03:59,091 - INFO - 2018 — fetching batch 27...
2026-08-22 17:04:12,801 - INFO - 2018 — batch 27 saved (500 records, 13500 total out of 316356)
2026-08-22 17:04:13,806 - INFO - 2018 — fetching batch 28...
2026-08-22 17:04:26,878 - INFO - 2018 — batch 28 saved (500 records, 14000 total out of 315856)
2026-08-22 17:04:27,882 - INFO - 2018 — fetching batch 29...
2026-08-22 17:04:41,693 - INFO - 2018 — batch 29 saved (500 records, 14500 total out of 315356)
2026-08-22 17:04:42,700 - INFO - 2018 — fetching batch 30...
2026-08-22 17:04:58,898 - INFO - 2018 — batch 30 saved (500 records, 15000 total out of 314856)
2026-08-22 17:04:59,902 - INFO - 2018 — fetching batch 31...
2026-08-22 17:05:11,807 - INFO - 2018 — batch 31 saved (500 records, 15500 total out of 314356)
2026-08-22 17:05:12,812 - INFO - 2018 — fetching batch 32...
2026-08-22 17:05:26,115 - INFO - 2018 — batch 32 saved (500 records, 16000 total out of 313856)
2026-08-22 17:05:27,123 - INFO - 2018 — fetching batch 33...
2026-08-22 17:05:41,169 - INFO - 2018 — batch 33 saved (500 records, 16500 total out of 313356)
2026-08-22 17:05:42,176 - INFO - 2018 — fetching batch 34...
2026-08-22 17:05:55,672 - INFO - 2018 — batch 34 saved (500 records, 17000 total out of 312856)
2026-08-22 17:05:56,677 - INFO - 2018 — fetching batch 35...
2026-08-22 17:06:11,390 - INFO - 2018 — batch 35 saved (500 records, 17500 total out of 312356)
2026-08-22 17:06:12,394 - INFO - 2018 — fetching batch 36...
2026-08-22 17:06:24,690 - INFO - 2018 — batch 36 saved (500 records, 18000 total out of 311856)
2026-08-22 17:06:25,694 - INFO - 2018 — fetching batch 37...
2026-08-22 17:06:38,369 - INFO - 2018 — batch 37 saved (500 records, 18500 total out of 311356)
2026-08-22 17:06:39,373 - INFO - 2018 — fetching batch 38...
2026-08-22 17:06:52,997 - INFO - 2018 — batch 38 saved (500 records, 19000 total out of 310856)
2026-08-22 17:06:54,004 - INFO - 2018 — fetching batch 39...
2026-08-22 17:07:07,349 - INFO - 2018 — batch 39 saved (500 records, 19500 total out of 310356)
2026-08-22 17:07:08,355 - INFO - 2018 — fetching batch 40...
2026-08-22 17:07:21,833 - INFO - 2018 — batch 40 saved (500 records, 20000 total out of 309856)
2026-08-22 17:07:22,836 - INFO - 2018 — fetching batch 41...
2026-08-22 17:07:36,406 - INFO - 2018 — batch 41 saved (500 records, 20500 total out of 309356)
2026-08-22 17:07:37,414 - INFO - 2018 — fetching batch 42...
2026-08-22 17:07:51,413 - INFO - 2018 — batch 42 saved (500 records, 21000 total out of 308856)
2026-08-22 17:07:52,417 - INFO - 2018 — fetching batch 43...
2026-08-22 17:08:05,888 - INFO - 2018 — batch 43 saved (500 records, 21500 total out of 308356)
2026-08-22 17:08:06,898 - INFO - 2018 — fetching batch 44...
2026-08-22 17:08:28,218 - INFO - 2018 — batch 44 saved (500 records, 22000 total out of 307856)
2026-08-22 17:08:29,226 - INFO - 2018 — fetching batch 45...
2026-08-22 17:08:44,348 - INFO - 2018 — batch 45 saved (500 records, 22500 total out of 307356)
2026-08-22 17:08:45,355 - INFO - 2018 — fetching batch 46...
2026-08-22 17:09:02,512 - INFO - 2018 — batch 46 saved (500 records, 23000 total out of 306856)
2026-08-22 17:09:03,516 - INFO - 2018 — fetching batch 47...
2026-08-22 17:09:17,554 - INFO - 2018 — batch 47 saved (500 records, 23500 total out of 306356)
2026-08-22 17:09:18,562 - INFO - 2018 — fetching batch 48...
2026-08-22 17:09:31,078 - INFO - 2018 — batch 48 saved (500 records, 24000 total out of 305856)
2026-08-22 17:09:32,081 - INFO - 2018 — fetching batch 49...
2026-08-22 17:09:45,308 - INFO - 2018 — batch 49 saved (500 records, 24500 total out of 305356)
2026-08-22 17:09:46,315 - INFO - 2018 — fetching batch 50...
2026-08-22 17:10:01,365 - INFO - 2018 — batch 50 saved (500 records, 25000 total out of 304856)
2026-08-22 17:10:02,371 - INFO - 2018 — fetching batch 51...
2026-08-22 17:10:16,265 - INFO - 2018 — batch 51 saved (500 records, 25500 total out of 304356)
2026-08-22 17:10:17,268 - INFO - 2018 — fetching batch 52...
2026-08-22 17:10:35,571 - INFO - 2018 — batch 52 saved (500 records, 26000 total out of 303856)
2026-08-22 17:10:36,573 - INFO - 2018 — fetching batch 53...
2026-08-22 17:10:53,527 - INFO - 2018 — batch 53 saved (500 records, 26500 total out of 303356)
2026-08-22 17:10:54,534 - INFO - 2018 — fetching batch 54...
2026-08-22 17:11:11,233 - INFO - 2018 — batch 54 saved (500 records, 27000 total out of 302856)
2026-08-22 17:11:12,236 - INFO - 2018 — fetching batch 55...
2026-08-22 17:11:26,896 - INFO - 2018 — batch 55 saved (500 records, 27500 total out of 302356)
2026-08-22 17:11:27,903 - INFO - 2018 — fetching batch 56...
2026-08-22 17:11:48,985 - INFO - 2018 — batch 56 saved (500 records, 28000 total out of 301856)
2026-08-22 17:11:49,991 - INFO - 2018 — fetching batch 57...
2026-08-22 17:12:03,016 - INFO - 2018 — batch 57 saved (500 records, 28500 total out of 301356)
2026-08-22 17:12:04,023 - INFO - 2018 — fetching batch 58...
2026-08-22 17:12:17,897 - INFO - 2018 — batch 58 saved (500 records, 29000 total out of 300856)
2026-08-22 17:12:18,901 - INFO - 2018 — fetching batch 59...
2026-08-22 17:12:30,488 - INFO - 2018 — batch 59 saved (500 records, 29500 total out of 300356)
2026-08-22 17:12:31,494 - INFO - 2018 — fetching batch 60...
2026-08-22 17:12:44,622 - INFO - 2018 — batch 60 saved (500 records, 30000 total out of 299856)
2026-08-22 17:12:45,627 - INFO - 2018 — fetching batch 61...
2026-08-22 17:12:58,783 - INFO - 2018 — batch 61 saved (500 records, 30500 total out of 299356)
2026-08-22 17:12:59,786 - INFO - 2018 — fetching batch 62...
2026-08-22 17:13:15,623 - INFO - 2018 — batch 62 saved (500 records, 31000 total out of 298856)
2026-08-22 17:13:16,631 - INFO - 2018 — fetching batch 63...
2026-08-22 17:13:30,129 - INFO - 2018 — batch 63 saved (500 records, 31500 total out of 298356)
2026-08-22 17:13:31,137 - INFO - 2018 — fetching batch 64...
2026-08-22 17:13:44,324 - INFO - 2018 — batch 64 saved (500 records, 32000 total out of 297856)
2026-08-22 17:13:45,330 - INFO - 2018 — fetching batch 65...
2026-08-22 17:13:59,042 - INFO - 2018 — batch 65 saved (500 records, 32500 total out of 297356)
2026-08-22 17:14:00,046 - INFO - 2018 — fetching batch 66...
2026-08-22 17:14:16,197 - INFO - 2018 — batch 66 saved (500 records, 33000 total out of 296856)
2026-08-22 17:14:17,205 - INFO - 2018 — fetching batch 67...
2026-08-22 17:14:30,970 - INFO - 2018 — batch 67 saved (500 records, 33500 total out of 296356)
2026-08-22 17:14:31,976 - INFO - 2018 — fetching batch 68...
2026-08-22 17:14:46,301 - INFO - 2018 — batch 68 saved (500 records, 34000 total out of 295856)
2026-08-22 17:14:47,304 - INFO - 2018 — fetching batch 69...
2026-08-22 17:14:59,757 - INFO - 2018 — batch 69 saved (500 records, 34500 total out of 295356)
2026-08-22 17:15:00,763 - INFO - 2018 — fetching batch 70...
2026-08-22 17:15:17,648 - INFO - 2018 — batch 70 saved (500 records, 35000 total out of 294856)
2026-08-22 17:15:18,651 - INFO - 2018 — fetching batch 71...
2026-08-22 17:15:36,767 - INFO - 2018 — batch 71 saved (500 records, 35500 total out of 294356)
2026-08-22 17:15:37,773 - INFO - 2018 — fetching batch 72...
2026-08-22 17:15:50,799 - INFO - 2018 — batch 72 saved (500 records, 36000 total out of 293856)
2026-08-22 17:15:51,806 - INFO - 2018 — fetching batch 73...
2026-08-22 17:16:08,504 - INFO - 2018 — batch 73 saved (500 records, 36500 total out of 293356)
2026-08-22 17:16:09,511 - INFO - 2018 — fetching batch 74...
2026-08-22 17:16:23,518 - INFO - 2018 — batch 74 saved (500 records, 37000 total out of 292856)
2026-08-22 17:16:24,526 - INFO - 2018 — fetching batch 75...
2026-08-22 17:16:40,212 - INFO - 2018 — batch 75 saved (500 records, 37500 total out of 292356)
2026-08-22 17:16:41,218 - INFO - 2018 — fetching batch 76...
2026-08-22 17:16:57,855 - INFO - 2018 — batch 76 saved (500 records, 38000 total out of 291856)
2026-08-22 17:16:58,862 - INFO - 2018 — fetching batch 77...
2026-08-22 17:17:15,649 - INFO - 2018 — batch 77 saved (500 records, 38500 total out of 291356)
2026-08-22 17:17:16,661 - INFO - 2018 — fetching batch 78...
2026-08-22 17:17:30,948 - INFO - 2018 — batch 78 saved (500 records, 39000 total out of 290856)
2026-08-22 17:17:31,958 - INFO - 2018 — fetching batch 79...
2026-08-22 17:17:46,475 - INFO - 2018 — batch 79 saved (500 records, 39500 total out of 290356)
2026-08-22 17:17:47,487 - INFO - 2018 — fetching batch 80...
2026-08-22 17:18:03,139 - INFO - 2018 — batch 80 saved (500 records, 40000 total out of 289856)
2026-08-22 17:18:04,143 - INFO - 2018 — fetching batch 81...
2026-08-22 17:18:24,800 - INFO - 2018 — batch 81 saved (500 records, 40500 total out of 289356)
2026-08-22 17:18:25,812 - INFO - 2018 — fetching batch 82...
2026-08-22 17:18:40,697 - INFO - 2018 — batch 82 saved (500 records, 41000 total out of 288856)
2026-08-22 17:18:41,700 - INFO - 2018 — fetching batch 83...
2026-08-22 17:18:56,532 - INFO - 2018 — batch 83 saved (500 records, 41500 total out of 288356)
2026-08-22 17:18:57,544 - INFO - 2018 — fetching batch 84...
2026-08-22 17:19:10,907 - INFO - 2018 — batch 84 saved (500 records, 42000 total out of 287856)
2026-08-22 17:19:11,919 - INFO - 2018 — fetching batch 85...
2026-08-22 17:19:24,676 - INFO - 2018 — batch 85 saved (500 records, 42500 total out of 287356)
2026-08-22 17:19:25,688 - INFO - 2018 — fetching batch 86...
2026-08-22 17:19:38,190 - INFO - 2018 — batch 86 saved (500 records, 43000 total out of 286856)
2026-08-22 17:19:39,195 - INFO - 2018 — fetching batch 87...
2026-08-22 17:19:51,886 - INFO - 2018 — batch 87 saved (500 records, 43500 total out of 286356)
2026-08-22 17:19:52,897 - INFO - 2018 — fetching batch 88...
2026-08-22 17:20:07,053 - INFO - 2018 — batch 88 saved (500 records, 44000 total out of 285856)
2026-08-22 17:20:08,064 - INFO - 2018 — fetching batch 89...
2026-08-22 17:20:22,299 - INFO - 2018 — batch 89 saved (500 records, 44500 total out of 285356)
2026-08-22 17:20:23,311 - INFO - 2018 — fetching batch 90...
2026-08-22 17:20:37,708 - INFO - 2018 — batch 90 saved (500 records, 45000 total out of 284856)
2026-08-22 17:20:38,718 - INFO - 2018 — fetching batch 91...
2026-08-22 17:20:52,192 - INFO - 2018 — batch 91 saved (500 records, 45500 total out of 284356)
2026-08-22 17:20:53,198 - INFO - 2018 — fetching batch 92...
2026-08-22 17:21:06,139 - INFO - 2018 — batch 92 saved (500 records, 46000 total out of 283856)
2026-08-22 17:21:07,149 - INFO - 2018 — fetching batch 93...
2026-08-22 17:21:19,932 - INFO - 2018 — batch 93 saved (500 records, 46500 total out of 283356)
2026-08-22 17:21:20,943 - INFO - 2018 — fetching batch 94...
2026-08-22 17:21:34,530 - INFO - 2018 — batch 94 saved (500 records, 47000 total out of 282856)
2026-08-22 17:21:35,543 - INFO - 2018 — fetching batch 95...
2026-08-22 17:21:47,960 - INFO - 2018 — batch 95 saved (500 records, 47500 total out of 282356)
2026-08-22 17:21:48,966 - INFO - 2018 — fetching batch 96...
2026-08-22 17:22:01,941 - INFO - 2018 — batch 96 saved (500 records, 48000 total out of 281856)
2026-08-22 17:22:02,952 - INFO - 2018 — fetching batch 97...
2026-08-22 17:22:15,426 - INFO - 2018 — batch 97 saved (500 records, 48500 total out of 281356)
2026-08-22 17:22:16,433 - INFO - 2018 — fetching batch 98...
2026-08-22 17:26:12,737 - INFO - Found credentials in environment variables.
2026-08-22 17:26:12,943 - INFO - === Starting extraction for 2018 ===
2026-08-22 17:26:12,943 - INFO - 2018 — resuming from batch 98 (48500 records already saved)
2026-08-22 17:26:12,943 - INFO - 2018 — fetching batch 98...
2026-08-22 17:26:15,150 - INFO - 2018 — batch 98 saved (500 records, 49000 total out of 280856)
2026-08-22 17:26:16,156 - INFO - 2018 — fetching batch 99...
2026-08-22 17:26:29,723 - INFO - 2018 — batch 99 saved (500 records, 49500 total out of 280356)
2026-08-22 17:26:30,730 - INFO - 2018 — fetching batch 100...
2026-08-22 17:26:44,053 - INFO - 2018 — batch 100 saved (500 records, 50000 total out of 279856)
2026-08-22 17:26:45,061 - INFO - 2018 — fetching batch 101...
2026-08-22 17:26:57,467 - INFO - 2018 — batch 101 saved (500 records, 50500 total out of 279356)
2026-08-22 17:26:58,472 - INFO - 2018 — fetching batch 102...
2026-08-22 17:27:11,762 - INFO - 2018 — batch 102 saved (500 records, 51000 total out of 278856)
2026-08-22 17:27:12,773 - INFO - 2018 — fetching batch 103...
2026-08-22 17:27:26,500 - INFO - 2018 — batch 103 saved (500 records, 51500 total out of 278356)
2026-08-22 17:27:27,502 - INFO - 2018 — fetching batch 104...
2026-08-22 17:27:40,213 - INFO - 2018 — batch 104 saved (500 records, 52000 total out of 277856)
2026-08-22 17:27:41,220 - INFO - 2018 — fetching batch 105...
2026-08-22 17:27:57,410 - INFO - 2018 — batch 105 saved (500 records, 52500 total out of 277356)
2026-08-22 17:27:58,415 - INFO - 2018 — fetching batch 106...
2026-08-22 17:28:17,509 - INFO - 2018 — batch 106 saved (500 records, 53000 total out of 276856)
2026-08-22 17:28:18,516 - INFO - 2018 — fetching batch 107...
2026-08-22 17:28:31,332 - INFO - 2018 — batch 107 saved (500 records, 53500 total out of 276356)
2026-08-22 17:28:32,340 - INFO - 2018 — fetching batch 108...
2026-08-22 17:28:43,846 - INFO - 2018 — batch 108 saved (500 records, 54000 total out of 275856)
2026-08-22 17:28:44,849 - INFO - 2018 — fetching batch 109...
2026-08-22 17:28:58,606 - INFO - 2018 — batch 109 saved (500 records, 54500 total out of 275356)
2026-08-22 17:28:59,617 - INFO - 2018 — fetching batch 110...
2026-08-22 17:29:13,540 - INFO - 2018 — batch 110 saved (500 records, 55000 total out of 274856)
2026-08-22 17:29:14,545 - INFO - 2018 — fetching batch 111...
2026-08-22 17:29:27,004 - INFO - 2018 — batch 111 saved (500 records, 55500 total out of 274356)
2026-08-22 17:29:28,016 - INFO - 2018 — fetching batch 112...
2026-08-22 17:37:03,873 - INFO - Found credentials in environment variables.
2026-08-22 17:37:04,089 - INFO - === Starting extraction for 2018 ===
2026-08-22 17:37:04,089 - INFO - 2018 — resuming from batch 112 (55500 records already saved)
2026-08-22 17:37:04,089 - INFO - 2018 — fetching batch 112...
2026-08-22 17:37:07,635 - INFO - 2018 — batch 112 saved (500 records, 56000 total out of 273856)
2026-08-22 17:37:08,641 - INFO - 2018 — fetching batch 113...
2026-08-22 17:37:21,919 - INFO - 2018 — batch 113 saved (500 records, 56500 total out of 273356)
2026-08-22 17:37:22,924 - INFO - 2018 — fetching batch 114...
2026-08-22 17:37:35,388 - INFO - 2018 — batch 114 saved (500 records, 57000 total out of 272856)
2026-08-22 17:37:36,395 - INFO - 2018 — fetching batch 115...
2026-08-22 17:37:51,662 - INFO - 2018 — batch 115 saved (500 records, 57500 total out of 272356)
2026-08-22 17:37:52,669 - INFO - 2018 — fetching batch 116...
2026-08-22 17:38:06,346 - INFO - 2018 — batch 116 saved (500 records, 58000 total out of 271856)
2026-08-22 17:38:07,350 - INFO - 2018 — fetching batch 117...
2026-08-22 17:38:21,230 - INFO - 2018 — batch 117 saved (500 records, 58500 total out of 271356)
2026-08-22 17:38:22,239 - INFO - 2018 — fetching batch 118...
2026-08-22 17:38:34,939 - INFO - 2018 — batch 118 saved (500 records, 59000 total out of 270856)
2026-08-22 17:38:35,947 - INFO - 2018 — fetching batch 119...
2026-08-22 17:38:50,354 - INFO - 2018 — batch 119 saved (500 records, 59500 total out of 270356)
2026-08-22 17:38:51,361 - INFO - 2018 — fetching batch 120...
2026-08-22 17:39:05,846 - INFO - 2018 — batch 120 saved (500 records, 60000 total out of 269856)
2026-08-22 17:39:06,849 - INFO - 2018 — fetching batch 121...
2026-08-22 17:39:20,336 - INFO - 2018 — batch 121 saved (500 records, 60500 total out of 269356)
2026-08-22 17:39:21,342 - INFO - 2018 — fetching batch 122...
2026-08-22 17:39:36,250 - INFO - 2018 — batch 122 saved (500 records, 61000 total out of 268856)
2026-08-22 17:39:37,253 - INFO - 2018 — fetching batch 123...
2026-08-22 17:39:51,894 - INFO - 2018 — batch 123 saved (500 records, 61500 total out of 268356)
2026-08-22 17:39:52,907 - INFO - 2018 — fetching batch 124...
2026-08-22 17:40:05,457 - INFO - 2018 — batch 124 saved (500 records, 62000 total out of 267856)
2026-08-22 17:40:06,462 - INFO - 2018 — fetching batch 125...
2026-08-22 17:40:19,755 - INFO - 2018 — batch 125 saved (500 records, 62500 total out of 267356)
2026-08-22 17:40:20,762 - INFO - 2018 — fetching batch 126...
2026-08-22 17:40:34,551 - INFO - 2018 — batch 126 saved (500 records, 63000 total out of 266856)
2026-08-22 17:40:35,558 - INFO - 2018 — fetching batch 127...
2026-08-22 17:40:51,687 - INFO - 2018 — batch 127 saved (500 records, 63500 total out of 266356)
2026-08-22 17:40:52,694 - INFO - 2018 — fetching batch 128...
2026-08-22 17:41:05,690 - INFO - 2018 — batch 128 saved (500 records, 64000 total out of 265856)
2026-08-22 17:41:06,696 - INFO - 2018 — fetching batch 129...
2026-08-22 17:41:20,879 - INFO - 2018 — batch 129 saved (500 records, 64500 total out of 265356)
2026-08-22 17:41:21,889 - INFO - 2018 — fetching batch 130...
2026-08-22 17:41:35,730 - INFO - 2018 — batch 130 saved (500 records, 65000 total out of 264856)
2026-08-22 17:41:36,737 - INFO - 2018 — fetching batch 131...
2026-08-22 17:41:50,417 - INFO - 2018 — batch 131 saved (500 records, 65500 total out of 264356)
2026-08-22 17:41:51,425 - INFO - 2018 — fetching batch 132...
2026-08-22 17:42:05,770 - INFO - 2018 — batch 132 saved (500 records, 66000 total out of 263856)
2026-08-22 17:42:06,774 - INFO - 2018 — fetching batch 133...
2026-08-22 17:42:19,660 - INFO - 2018 — batch 133 saved (500 records, 66500 total out of 263356)
2026-08-22 17:42:20,663 - INFO - 2018 — fetching batch 134...
2026-08-22 17:42:33,912 - INFO - 2018 — batch 134 saved (500 records, 67000 total out of 262856)
2026-08-22 17:42:34,920 - INFO - 2018 — fetching batch 135...
2026-08-22 17:42:48,587 - INFO - 2018 — batch 135 saved (500 records, 67500 total out of 262356)
2026-08-22 17:42:49,593 - INFO - 2018 — fetching batch 136...
2026-08-22 17:43:10,288 - INFO - 2018 — batch 136 saved (500 records, 68000 total out of 261856)
2026-08-22 17:43:11,295 - INFO - 2018 — fetching batch 137...
2026-08-22 17:43:23,022 - INFO - 2018 — batch 137 saved (500 records, 68500 total out of 261356)
2026-08-22 17:43:24,026 - INFO - 2018 — fetching batch 138...
2026-08-22 17:43:37,764 - INFO - 2018 — batch 138 saved (500 records, 69000 total out of 260856)
2026-08-22 17:43:38,769 - INFO - 2018 — fetching batch 139...
2026-08-22 17:43:50,845 - INFO - 2018 — batch 139 saved (500 records, 69500 total out of 260356)
2026-08-22 17:43:51,852 - INFO - 2018 — fetching batch 140...
2026-08-22 17:44:11,225 - INFO - 2018 — batch 140 saved (500 records, 70000 total out of 259856)
2026-08-22 17:44:12,232 - INFO - 2018 — fetching batch 141...
2026-08-22 17:44:27,429 - INFO - 2018 — batch 141 saved (500 records, 70500 total out of 259356)
2026-08-22 17:44:28,436 - INFO - 2018 — fetching batch 142...
2026-08-22 17:44:41,865 - INFO - 2018 — batch 142 saved (500 records, 71000 total out of 258856)
2026-08-22 17:44:42,880 - INFO - 2018 — fetching batch 143...
2026-08-22 17:44:56,689 - INFO - 2018 — batch 143 saved (500 records, 71500 total out of 258356)
2026-08-22 17:44:57,698 - INFO - 2018 — fetching batch 144...
2026-08-22 17:45:10,319 - INFO - 2018 — batch 144 saved (500 records, 72000 total out of 257856)
2026-08-22 17:45:11,323 - INFO - 2018 — fetching batch 145...
2026-08-22 17:45:24,746 - INFO - 2018 — batch 145 saved (500 records, 72500 total out of 257356)
2026-08-22 17:45:25,771 - INFO - 2018 — fetching batch 146...
2026-08-22 17:45:38,887 - INFO - 2018 — batch 146 saved (500 records, 73000 total out of 256856)
2026-08-22 17:45:39,893 - INFO - 2018 — fetching batch 147...
2026-08-22 17:45:53,449 - INFO - 2018 — batch 147 saved (500 records, 73500 total out of 256356)
2026-08-22 17:45:54,454 - INFO - 2018 — fetching batch 148...
2026-08-22 17:46:07,720 - INFO - 2018 — batch 148 saved (500 records, 74000 total out of 255856)
2026-08-22 17:46:08,726 - INFO - 2018 — fetching batch 149...
2026-08-22 17:46:21,715 - INFO - 2018 — batch 149 saved (500 records, 74500 total out of 255356)
2026-08-22 17:46:22,722 - INFO - 2018 — fetching batch 150...
2026-08-22 17:46:35,070 - INFO - 2018 — batch 150 saved (500 records, 75000 total out of 254856)
2026-08-22 17:46:36,076 - INFO - 2018 — fetching batch 151...
2026-08-22 17:46:51,277 - INFO - 2018 — batch 151 saved (500 records, 75500 total out of 254356)
2026-08-22 17:46:52,280 - INFO - 2018 — fetching batch 152...
2026-08-22 17:47:06,464 - INFO - 2018 — batch 152 saved (500 records, 76000 total out of 253856)
2026-08-22 17:47:07,468 - INFO - 2018 — fetching batch 153...
2026-08-22 17:47:19,828 - INFO - 2018 — batch 153 saved (500 records, 76500 total out of 253356)
2026-08-22 17:47:20,830 - INFO - 2018 — fetching batch 154...
2026-08-22 17:47:34,267 - INFO - 2018 — batch 154 saved (500 records, 77000 total out of 252856)
2026-08-22 17:47:35,274 - INFO - 2018 — fetching batch 155...
2026-08-22 17:47:48,264 - INFO - 2018 — batch 155 saved (500 records, 77500 total out of 252356)
2026-08-22 17:47:49,267 - INFO - 2018 — fetching batch 156...
2026-08-22 17:48:01,234 - INFO - 2018 — batch 156 saved (500 records, 78000 total out of 251856)
2026-08-22 17:48:02,236 - INFO - 2018 — fetching batch 157...
2026-08-22 17:48:16,084 - INFO - 2018 — batch 157 saved (500 records, 78500 total out of 251356)
2026-08-22 17:48:17,090 - INFO - 2018 — fetching batch 158...
2026-08-22 17:48:27,970 - INFO - 2018 — batch 158 saved (500 records, 79000 total out of 250856)
2026-08-22 17:48:28,974 - INFO - 2018 — fetching batch 159...
2026-08-22 17:48:47,624 - INFO - 2018 — batch 159 saved (500 records, 79500 total out of 250356)
2026-08-22 17:48:48,630 - INFO - 2018 — fetching batch 160...
2026-08-22 17:49:02,144 - INFO - 2018 — batch 160 saved (500 records, 80000 total out of 249856)
2026-08-22 17:49:03,150 - INFO - 2018 — fetching batch 161...
2026-08-22 17:49:16,035 - INFO - 2018 — batch 161 saved (500 records, 80500 total out of 249356)
2026-08-22 17:49:17,043 - INFO - 2018 — fetching batch 162...
2026-08-22 17:49:30,049 - INFO - 2018 — batch 162 saved (500 records, 81000 total out of 248856)
2026-08-22 17:49:31,056 - INFO - 2018 — fetching batch 163...
2026-08-22 17:49:42,842 - INFO - 2018 — batch 163 saved (500 records, 81500 total out of 248356)
2026-08-22 17:49:43,846 - INFO - 2018 — fetching batch 164...
2026-08-22 17:49:56,924 - INFO - 2018 — batch 164 saved (500 records, 82000 total out of 247856)
2026-08-22 17:49:57,929 - INFO - 2018 — fetching batch 165...
2026-08-22 17:50:10,732 - INFO - 2018 — batch 165 saved (500 records, 82500 total out of 247356)
2026-08-22 17:50:11,739 - INFO - 2018 — fetching batch 166...
2026-08-22 17:50:25,230 - INFO - 2018 — batch 166 saved (500 records, 83000 total out of 246856)
2026-08-22 17:50:26,234 - INFO - 2018 — fetching batch 167...
2026-08-22 17:50:39,052 - INFO - 2018 — batch 167 saved (500 records, 83500 total out of 246356)
2026-08-22 17:50:40,053 - INFO - 2018 — fetching batch 168...
2026-08-22 17:50:57,390 - INFO - 2018 — batch 168 saved (500 records, 84000 total out of 245856)
2026-08-22 17:50:58,393 - INFO - 2018 — fetching batch 169...
2026-08-22 17:51:13,123 - INFO - 2018 — batch 169 saved (500 records, 84500 total out of 245356)
2026-08-22 17:51:14,130 - INFO - 2018 — fetching batch 170...
2026-08-22 17:51:27,661 - INFO - 2018 — batch 170 saved (500 records, 85000 total out of 244856)
2026-08-22 17:51:28,665 - INFO - 2018 — fetching batch 171...
2026-08-22 17:51:42,249 - INFO - 2018 — batch 171 saved (500 records, 85500 total out of 244356)
2026-08-22 17:51:43,261 - INFO - 2018 — fetching batch 172...
2026-08-22 17:51:55,264 - INFO - 2018 — batch 172 saved (500 records, 86000 total out of 243856)
2026-08-22 17:51:56,269 - INFO - 2018 — fetching batch 173...
2026-08-22 17:52:10,602 - INFO - 2018 — batch 173 saved (500 records, 86500 total out of 243356)
2026-08-22 17:52:11,611 - INFO - 2018 — fetching batch 174...
2026-08-23 01:31:08,693 - INFO - Found credentials in environment variables.
2026-08-23 01:31:08,888 - INFO - === Starting extraction for 2018 ===
2026-08-23 01:31:08,888 - INFO - 2018 — resuming from batch 174 (86500 records already saved)
2026-08-23 01:31:08,888 - INFO - 2018 — fetching batch 174...
2026-08-23 01:31:21,896 - INFO - 2018 — batch 174 saved (500 records, 87000 total out of 242856)
2026-08-23 01:31:22,899 - INFO - 2018 — fetching batch 175...
2026-08-23 01:31:33,719 - INFO - 2018 — batch 175 saved (500 records, 87500 total out of 242356)
2026-08-23 01:31:34,723 - INFO - 2018 — fetching batch 176...
2026-08-23 01:31:45,721 - INFO - 2018 — batch 176 saved (500 records, 88000 total out of 241856)
2026-08-23 01:31:46,729 - INFO - 2018 — fetching batch 177...
2026-08-23 01:31:57,074 - INFO - 2018 — batch 177 saved (500 records, 88500 total out of 241356)
2026-08-23 01:31:58,082 - INFO - 2018 — fetching batch 178...
2026-08-23 01:32:08,095 - INFO - 2018 — batch 178 saved (500 records, 89000 total out of 240856)
2026-08-23 01:32:09,104 - INFO - 2018 — fetching batch 179...
2026-08-23 08:06:33,127 - INFO - Found credentials in environment variables.
2026-08-23 08:06:33,552 - INFO - === Starting extraction for 2018 ===
2026-08-23 08:06:33,558 - INFO - 2018 — resuming from batch 179 (89000 records already saved)
2026-08-23 08:06:33,558 - INFO - 2018 — fetching batch 179...
2026-08-23 08:06:37,705 - INFO - 2018 — batch 179 saved (500 records, 89500 total out of 240356)
2026-08-23 08:06:38,712 - INFO - 2018 — fetching batch 180...
2026-08-23 08:06:53,736 - INFO - 2018 — batch 180 saved (500 records, 90000 total out of 239856)
2026-08-23 08:06:54,742 - INFO - 2018 — fetching batch 181...
2026-08-23 08:07:06,542 - INFO - 2018 — batch 181 saved (500 records, 90500 total out of 239356)
2026-08-23 08:07:07,549 - INFO - 2018 — fetching batch 182...
2026-08-23 08:07:19,919 - INFO - 2018 — batch 182 saved (500 records, 91000 total out of 238856)
2026-08-23 08:07:20,925 - INFO - 2018 — fetching batch 183...
2026-08-23 08:07:33,052 - INFO - 2018 — batch 183 saved (500 records, 91500 total out of 238356)
2026-08-23 08:07:34,057 - INFO - 2018 — fetching batch 184...
2026-08-23 08:07:46,904 - INFO - 2018 — batch 184 saved (500 records, 92000 total out of 237856)
2026-08-23 08:07:47,907 - INFO - 2018 — fetching batch 185...
2026-08-23 08:08:00,014 - INFO - 2018 — batch 185 saved (500 records, 92500 total out of 237356)
2026-08-23 08:08:01,018 - INFO - 2018 — fetching batch 186...
2026-08-23 08:08:13,644 - INFO - 2018 — batch 186 saved (500 records, 93000 total out of 236856)
2026-08-23 08:08:14,647 - INFO - 2018 — fetching batch 187...
2026-08-23 08:08:26,475 - INFO - 2018 — batch 187 saved (500 records, 93500 total out of 236356)
2026-08-23 08:08:27,482 - INFO - 2018 — fetching batch 188...
2026-08-23 08:08:43,280 - INFO - 2018 — batch 188 saved (500 records, 94000 total out of 235856)
2026-08-23 08:08:44,293 - INFO - 2018 — fetching batch 189...
2026-08-23 08:08:56,482 - INFO - 2018 — batch 189 saved (500 records, 94500 total out of 235356)
2026-08-23 08:08:57,486 - INFO - 2018 — fetching batch 190...
2026-08-23 08:09:10,001 - INFO - 2018 — batch 190 saved (500 records, 95000 total out of 234856)
2026-08-23 08:09:11,003 - INFO - 2018 — fetching batch 191...
2026-08-23 08:09:22,633 - INFO - 2018 — batch 191 saved (500 records, 95500 total out of 234356)
2026-08-23 08:09:23,635 - INFO - 2018 — fetching batch 192...
2026-08-23 08:09:36,806 - INFO - 2018 — batch 192 saved (500 records, 96000 total out of 233856)
2026-08-23 08:09:37,814 - INFO - 2018 — fetching batch 193...
2026-08-23 08:09:52,735 - INFO - 2018 — batch 193 saved (500 records, 96500 total out of 233356)
2026-08-23 08:09:53,741 - INFO - 2018 — fetching batch 194...
2026-08-23 08:10:07,610 - INFO - 2018 — batch 194 saved (500 records, 97000 total out of 232856)
2026-08-23 08:10:08,630 - INFO - 2018 — fetching batch 195...
2026-08-23 08:10:21,359 - INFO - 2018 — batch 195 saved (500 records, 97500 total out of 232356)
2026-08-23 08:10:22,366 - INFO - 2018 — fetching batch 196...
2026-08-23 08:10:34,299 - INFO - 2018 — batch 196 saved (500 records, 98000 total out of 231856)
2026-08-23 08:10:35,306 - INFO - 2018 — fetching batch 197...
2026-08-23 08:10:47,620 - INFO - 2018 — batch 197 saved (500 records, 98500 total out of 231356)
2026-08-23 08:10:48,624 - INFO - 2018 — fetching batch 198...
2026-08-23 08:11:02,766 - INFO - 2018 — batch 198 saved (500 records, 99000 total out of 230856)
2026-08-23 08:11:03,774 - INFO - 2018 — fetching batch 199...
2026-08-23 08:11:15,925 - INFO - 2018 — batch 199 saved (500 records, 99500 total out of 230356)
2026-08-23 08:11:16,931 - INFO - 2018 — fetching batch 200...
2026-08-23 08:11:30,597 - INFO - 2018 — batch 200 saved (500 records, 100000 total out of 229856)
2026-08-23 08:11:31,605 - INFO - 2018 — fetching batch 201...
2026-08-23 08:11:43,205 - INFO - 2018 — batch 201 saved (500 records, 100500 total out of 229356)
2026-08-23 08:11:44,213 - INFO - 2018 — fetching batch 202...
2026-08-23 08:11:55,938 - INFO - 2018 — batch 202 saved (500 records, 101000 total out of 228856)
2026-08-23 08:11:56,946 - INFO - 2018 — fetching batch 203...
2026-08-23 08:12:11,443 - INFO - 2018 — batch 203 saved (500 records, 101500 total out of 228356)
2026-08-23 08:12:12,448 - INFO - 2018 — fetching batch 204...
2026-08-23 08:12:23,985 - INFO - 2018 — batch 204 saved (500 records, 102000 total out of 227856)
2026-08-23 08:12:24,992 - INFO - 2018 — fetching batch 205...
2026-08-23 08:12:44,403 - INFO - 2018 — batch 205 saved (500 records, 102500 total out of 227356)
2026-08-23 08:12:45,410 - INFO - 2018 — fetching batch 206...
2026-08-23 08:12:57,801 - INFO - 2018 — batch 206 saved (500 records, 103000 total out of 226856)
2026-08-23 08:12:58,805 - INFO - 2018 — fetching batch 207...
2026-08-23 08:13:11,433 - INFO - 2018 — batch 207 saved (500 records, 103500 total out of 226356)
2026-08-23 08:13:12,450 - INFO - 2018 — fetching batch 208...
2026-08-23 08:13:24,646 - INFO - 2018 — batch 208 saved (500 records, 104000 total out of 225856)
2026-08-23 08:13:25,649 - INFO - 2018 — fetching batch 209...
2026-08-23 08:13:37,431 - INFO - 2018 — batch 209 saved (500 records, 104500 total out of 225356)
2026-08-23 08:13:38,439 - INFO - 2018 — fetching batch 210...
2026-08-23 08:13:49,876 - INFO - 2018 — batch 210 saved (500 records, 105000 total out of 224856)
2026-08-23 08:13:50,884 - INFO - 2018 — fetching batch 211...
2026-08-23 08:14:03,965 - INFO - 2018 — batch 211 saved (500 records, 105500 total out of 224356)
2026-08-23 08:14:04,970 - INFO - 2018 — fetching batch 212...
2026-08-23 08:14:16,647 - INFO - 2018 — batch 212 saved (500 records, 106000 total out of 223856)
2026-08-23 08:14:17,653 - INFO - 2018 — fetching batch 213...
2026-08-23 08:14:29,804 - INFO - 2018 — batch 213 saved (500 records, 106500 total out of 223356)
2026-08-23 08:14:30,811 - INFO - 2018 — fetching batch 214...
2026-08-23 08:14:42,785 - INFO - 2018 — batch 214 saved (500 records, 107000 total out of 222856)
2026-08-23 08:14:43,788 - INFO - 2018 — fetching batch 215...
2026-08-23 08:14:55,763 - INFO - 2018 — batch 215 saved (500 records, 107500 total out of 222356)
2026-08-23 08:14:56,767 - INFO - 2018 — fetching batch 216...
2026-08-23 08:15:08,084 - INFO - 2018 — batch 216 saved (500 records, 108000 total out of 221856)
2026-08-23 08:15:09,088 - INFO - 2018 — fetching batch 217...
2026-08-23 08:15:20,900 - INFO - 2018 — batch 217 saved (500 records, 108500 total out of 221356)
2026-08-23 08:15:21,903 - INFO - 2018 — fetching batch 218...
2026-08-23 08:15:33,595 - INFO - 2018 — batch 218 saved (500 records, 109000 total out of 220856)
2026-08-23 08:15:34,604 - INFO - 2018 — fetching batch 219...
2026-08-23 08:15:46,507 - INFO - 2018 — batch 219 saved (500 records, 109500 total out of 220356)
2026-08-23 08:15:47,514 - INFO - 2018 — fetching batch 220...
2026-08-23 08:15:59,560 - INFO - 2018 — batch 220 saved (500 records, 110000 total out of 219856)
2026-08-23 08:16:00,566 - INFO - 2018 — fetching batch 221...
2026-08-23 08:16:13,091 - INFO - 2018 — batch 221 saved (500 records, 110500 total out of 219356)
2026-08-23 08:16:14,094 - INFO - 2018 — fetching batch 222...
2026-08-23 08:16:25,935 - INFO - 2018 — batch 222 saved (500 records, 111000 total out of 218856)
2026-08-23 08:16:26,938 - INFO - 2018 — fetching batch 223...
2026-08-23 08:16:38,782 - INFO - 2018 — batch 223 saved (500 records, 111500 total out of 218356)
2026-08-23 08:16:39,789 - INFO - 2018 — fetching batch 224...
2026-08-23 08:16:51,642 - INFO - 2018 — batch 224 saved (500 records, 112000 total out of 217856)
2026-08-23 08:16:52,648 - INFO - 2018 — fetching batch 225...
2026-08-23 08:17:05,792 - INFO - 2018 — batch 225 saved (500 records, 112500 total out of 217356)
2026-08-23 08:17:06,796 - INFO - 2018 — fetching batch 226...
2026-08-23 08:17:19,279 - INFO - 2018 — batch 226 saved (500 records, 113000 total out of 216856)
2026-08-23 08:17:20,283 - INFO - 2018 — fetching batch 227...
2026-08-23 08:17:31,986 - INFO - 2018 — batch 227 saved (500 records, 113500 total out of 216356)
2026-08-23 08:17:32,993 - INFO - 2018 — fetching batch 228...
2026-08-23 08:17:44,839 - INFO - 2018 — batch 228 saved (500 records, 114000 total out of 215856)
2026-08-23 08:17:45,842 - INFO - 2018 — fetching batch 229...
2026-08-23 08:17:58,636 - INFO - 2018 — batch 229 saved (500 records, 114500 total out of 215356)
2026-08-23 08:17:59,639 - INFO - 2018 — fetching batch 230...
2026-08-23 08:18:14,197 - INFO - 2018 — batch 230 saved (500 records, 115000 total out of 214856)
2026-08-23 08:18:15,202 - INFO - 2018 — fetching batch 231...
2026-08-23 08:18:27,070 - INFO - 2018 — batch 231 saved (500 records, 115500 total out of 214356)
2026-08-23 08:18:28,076 - INFO - 2018 — fetching batch 232...
2026-08-23 08:18:40,596 - INFO - 2018 — batch 232 saved (500 records, 116000 total out of 213856)
2026-08-23 08:18:41,599 - INFO - 2018 — fetching batch 233...
2026-08-23 08:18:53,812 - INFO - 2018 — batch 233 saved (500 records, 116500 total out of 213356)
2026-08-23 08:18:54,820 - INFO - 2018 — fetching batch 234...
2026-08-23 08:19:07,771 - INFO - 2018 — batch 234 saved (500 records, 117000 total out of 212856)
2026-08-23 08:19:08,777 - INFO - 2018 — fetching batch 235...
2026-08-23 08:19:20,129 - INFO - 2018 — batch 235 saved (500 records, 117500 total out of 212356)
2026-08-23 08:19:21,132 - INFO - 2018 — fetching batch 236...
2026-08-23 08:19:33,025 - INFO - 2018 — batch 236 saved (500 records, 118000 total out of 211856)
2026-08-23 08:19:34,033 - INFO - 2018 — fetching batch 237...
2026-08-23 08:19:46,992 - INFO - 2018 — batch 237 saved (500 records, 118500 total out of 211356)
2026-08-23 08:19:47,995 - INFO - 2018 — fetching batch 238...
2026-08-23 08:20:00,417 - INFO - 2018 — batch 238 saved (500 records, 119000 total out of 210856)
2026-08-23 08:20:01,425 - INFO - 2018 — fetching batch 239...
2026-08-23 08:20:13,453 - INFO - 2018 — batch 239 saved (500 records, 119500 total out of 210356)
2026-08-23 08:20:14,457 - INFO - 2018 — fetching batch 240...
2026-08-23 08:20:26,027 - INFO - 2018 — batch 240 saved (500 records, 120000 total out of 209856)
2026-08-23 08:20:27,033 - INFO - 2018 — fetching batch 241...
2026-08-23 08:20:39,716 - INFO - 2018 — batch 241 saved (500 records, 120500 total out of 209356)
2026-08-23 08:20:40,723 - INFO - 2018 — fetching batch 242...
2026-08-23 08:20:52,659 - INFO - 2018 — batch 242 saved (500 records, 121000 total out of 208856)
2026-08-23 08:20:53,662 - INFO - 2018 — fetching batch 243...
2026-08-23 08:21:04,762 - INFO - 2018 — batch 243 saved (500 records, 121500 total out of 208356)
2026-08-23 08:21:05,765 - INFO - 2018 — fetching batch 244...
2026-08-23 08:21:18,295 - INFO - 2018 — batch 244 saved (500 records, 122000 total out of 207856)
2026-08-23 08:21:19,299 - INFO - 2018 — fetching batch 245...
2026-08-23 08:21:31,220 - INFO - 2018 — batch 245 saved (500 records, 122500 total out of 207356)
2026-08-23 08:21:32,227 - INFO - 2018 — fetching batch 246...
2026-08-23 08:21:43,464 - INFO - 2018 — batch 246 saved (500 records, 123000 total out of 206856)
2026-08-23 08:21:44,470 - INFO - 2018 — fetching batch 247...
2026-08-23 08:21:56,765 - INFO - 2018 — batch 247 saved (500 records, 123500 total out of 206356)
2026-08-23 08:21:57,768 - INFO - 2018 — fetching batch 248...
2026-08-23 08:22:11,589 - INFO - 2018 — batch 248 saved (500 records, 124000 total out of 205856)
2026-08-23 08:22:12,597 - INFO - 2018 — fetching batch 249...
2026-08-23 08:22:24,964 - INFO - 2018 — batch 249 saved (500 records, 124500 total out of 205356)
2026-08-23 08:22:25,968 - INFO - 2018 — fetching batch 250...
2026-08-23 08:22:37,997 - INFO - 2018 — batch 250 saved (500 records, 125000 total out of 204856)
2026-08-23 08:22:39,005 - INFO - 2018 — fetching batch 251...
2026-08-23 08:22:51,238 - INFO - 2018 — batch 251 saved (500 records, 125500 total out of 204356)
2026-08-23 08:22:52,242 - INFO - 2018 — fetching batch 252...
2026-08-23 08:23:05,389 - INFO - 2018 — batch 252 saved (500 records, 126000 total out of 203856)
2026-08-23 08:23:06,394 - INFO - 2018 — fetching batch 253...
2026-08-23 08:23:18,646 - INFO - 2018 — batch 253 saved (500 records, 126500 total out of 203356)
2026-08-23 08:23:19,648 - INFO - 2018 — fetching batch 254...
2026-08-23 08:23:34,230 - INFO - 2018 — batch 254 saved (500 records, 127000 total out of 202856)
2026-08-23 08:23:35,235 - INFO - 2018 — fetching batch 255...
2026-08-23 08:23:47,416 - INFO - 2018 — batch 255 saved (500 records, 127500 total out of 202356)
2026-08-23 08:23:48,421 - INFO - 2018 — fetching batch 256...
2026-08-23 08:24:00,951 - INFO - 2018 — batch 256 saved (500 records, 128000 total out of 201856)
2026-08-23 08:24:01,956 - INFO - 2018 — fetching batch 257...
2026-08-23 08:24:13,994 - INFO - 2018 — batch 257 saved (500 records, 128500 total out of 201356)
2026-08-23 08:24:15,005 - INFO - 2018 — fetching batch 258...
2026-08-23 08:24:28,398 - INFO - 2018 — batch 258 saved (500 records, 129000 total out of 200856)
2026-08-23 08:24:29,402 - INFO - 2018 — fetching batch 259...
2026-08-23 08:24:42,335 - INFO - 2018 — batch 259 saved (500 records, 129500 total out of 200356)
2026-08-23 08:24:43,345 - INFO - 2018 — fetching batch 260...
2026-08-23 08:24:56,415 - INFO - 2018 — batch 260 saved (500 records, 130000 total out of 199856)
2026-08-23 08:24:57,427 - INFO - 2018 — fetching batch 261...
2026-08-23 08:25:10,129 - INFO - 2018 — batch 261 saved (500 records, 130500 total out of 199356)
2026-08-23 08:25:11,133 - INFO - 2018 — fetching batch 262...
2026-08-23 08:25:23,071 - INFO - 2018 — batch 262 saved (500 records, 131000 total out of 198856)
2026-08-23 08:25:24,083 - INFO - 2018 — fetching batch 263...
2026-08-23 08:25:35,929 - INFO - 2018 — batch 263 saved (500 records, 131500 total out of 198356)
2026-08-23 08:25:36,935 - INFO - 2018 — fetching batch 264...
2026-08-23 08:25:51,622 - INFO - 2018 — batch 264 saved (500 records, 132000 total out of 197856)
2026-08-23 08:25:52,625 - INFO - 2018 — fetching batch 265...
2026-08-23 08:26:05,708 - INFO - 2018 — batch 265 saved (500 records, 132500 total out of 197356)
2026-08-23 08:26:06,720 - INFO - 2018 — fetching batch 266...
2026-08-23 08:26:19,582 - INFO - 2018 — batch 266 saved (500 records, 133000 total out of 196856)
2026-08-23 08:26:20,584 - INFO - 2018 — fetching batch 267...
2026-08-23 08:26:33,715 - INFO - 2018 — batch 267 saved (500 records, 133500 total out of 196356)
2026-08-23 08:26:34,722 - INFO - 2018 — fetching batch 268...
2026-08-23 08:26:46,676 - INFO - 2018 — batch 268 saved (500 records, 134000 total out of 195856)
2026-08-23 08:26:47,688 - INFO - 2018 — fetching batch 269...
2026-08-23 08:26:59,717 - INFO - 2018 — batch 269 saved (500 records, 134500 total out of 195356)
2026-08-23 08:27:00,729 - INFO - 2018 — fetching batch 270...
2026-08-23 08:27:13,890 - INFO - 2018 — batch 270 saved (500 records, 135000 total out of 194856)
2026-08-23 08:27:14,901 - INFO - 2018 — fetching batch 271...
2026-08-23 08:27:27,401 - INFO - 2018 — batch 271 saved (500 records, 135500 total out of 194356)
2026-08-23 08:27:28,413 - INFO - 2018 — fetching batch 272...
2026-08-23 08:27:39,576 - INFO - 2018 — batch 272 saved (500 records, 136000 total out of 193856)
2026-08-23 08:27:40,582 - INFO - 2018 — fetching batch 273...
2026-08-23 08:27:52,202 - INFO - 2018 — batch 273 saved (500 records, 136500 total out of 193356)
2026-08-23 08:27:53,210 - INFO - 2018 — fetching batch 274...
2026-08-23 08:28:05,992 - INFO - 2018 — batch 274 saved (500 records, 137000 total out of 192856)
2026-08-23 08:28:07,001 - INFO - 2018 — fetching batch 275...
2026-08-23 08:28:19,091 - INFO - 2018 — batch 275 saved (500 records, 137500 total out of 192356)
2026-08-23 08:28:20,100 - INFO - 2018 — fetching batch 276...
2026-08-23 08:28:32,049 - INFO - 2018 — batch 276 saved (500 records, 138000 total out of 191856)
2026-08-23 08:28:33,052 - INFO - 2018 — fetching batch 277...
2026-08-23 08:28:46,771 - INFO - 2018 — batch 277 saved (500 records, 138500 total out of 191356)
2026-08-23 08:28:47,778 - INFO - 2018 — fetching batch 278...
2026-08-23 08:28:59,742 - INFO - 2018 — batch 278 saved (500 records, 139000 total out of 190856)
2026-08-23 08:29:00,753 - INFO - 2018 — fetching batch 279...
2026-08-23 08:46:31,835 - INFO - Found credentials in environment variables.
2026-08-23 08:46:32,149 - INFO - === Starting extraction for 2018 ===
2026-08-23 08:46:32,149 - INFO - 2018 — resuming from batch 279 (139000 records already saved)
2026-08-23 08:46:32,149 - INFO - 2018 — fetching batch 279...
2026-08-23 08:46:35,518 - INFO - 2018 — batch 279 saved (500 records, 139500 total out of 190356)
2026-08-23 08:46:36,527 - INFO - 2018 — fetching batch 280...
2026-08-23 08:46:48,204 - INFO - 2018 — batch 280 saved (500 records, 140000 total out of 189856)
2026-08-23 08:46:49,213 - INFO - 2018 — fetching batch 281...
2026-08-23 08:47:01,507 - INFO - 2018 — batch 281 saved (500 records, 140500 total out of 189356)
2026-08-23 08:47:02,514 - INFO - 2018 — fetching batch 282...
2026-08-23 08:47:16,146 - INFO - 2018 — batch 282 saved (500 records, 141000 total out of 188856)
2026-08-23 08:47:17,149 - INFO - 2018 — fetching batch 283...
2026-08-23 08:47:29,615 - INFO - 2018 — batch 283 saved (500 records, 141500 total out of 188356)
2026-08-23 08:47:30,620 - INFO - 2018 — fetching batch 284...
2026-08-23 08:47:42,006 - INFO - 2018 — batch 284 saved (500 records, 142000 total out of 187856)
2026-08-23 08:47:43,011 - INFO - 2018 — fetching batch 285...
2026-08-23 08:47:55,895 - INFO - 2018 — batch 285 saved (500 records, 142500 total out of 187356)
2026-08-23 08:47:56,903 - INFO - 2018 — fetching batch 286...
2026-08-23 08:48:09,503 - INFO - 2018 — batch 286 saved (500 records, 143000 total out of 186856)
2026-08-23 08:48:10,506 - INFO - 2018 — fetching batch 287...
2026-08-23 08:48:31,757 - INFO - 2018 — batch 287 saved (500 records, 143500 total out of 186356)
2026-08-23 08:48:32,765 - INFO - 2018 — fetching batch 288...
2026-08-23 08:48:45,297 - INFO - 2018 — batch 288 saved (500 records, 144000 total out of 185856)
2026-08-23 08:48:46,311 - INFO - 2018 — fetching batch 289...
2026-08-23 08:48:58,896 - INFO - 2018 — batch 289 saved (500 records, 144500 total out of 185356)
2026-08-23 08:48:59,905 - INFO - 2018 — fetching batch 290...
2026-08-23 08:49:11,233 - INFO - 2018 — batch 290 saved (500 records, 145000 total out of 184856)
2026-08-23 08:49:12,238 - INFO - 2018 — fetching batch 291...
2026-08-23 08:49:23,985 - INFO - 2018 — batch 291 saved (500 records, 145500 total out of 184356)
2026-08-23 08:49:24,992 - INFO - 2018 — fetching batch 292...
2026-08-23 08:49:38,112 - INFO - 2018 — batch 292 saved (500 records, 146000 total out of 183856)
2026-08-23 08:49:39,117 - INFO - 2018 — fetching batch 293...
2026-08-23 08:49:51,313 - INFO - 2018 — batch 293 saved (500 records, 146500 total out of 183356)
2026-08-23 08:49:52,316 - INFO - 2018 — fetching batch 294...
2026-08-23 08:50:04,795 - INFO - 2018 — batch 294 saved (500 records, 147000 total out of 182856)
2026-08-23 08:50:05,802 - INFO - 2018 — fetching batch 295...
2026-08-23 08:50:17,948 - INFO - 2018 — batch 295 saved (500 records, 147500 total out of 182356)
2026-08-23 08:50:18,953 - INFO - 2018 — fetching batch 296...
2026-08-23 08:50:30,536 - INFO - 2018 — batch 296 saved (500 records, 148000 total out of 181856)
2026-08-23 08:50:31,539 - INFO - 2018 — fetching batch 297...
2026-08-23 08:50:44,305 - INFO - 2018 — batch 297 saved (500 records, 148500 total out of 181356)
2026-08-23 08:50:45,309 - INFO - 2018 — fetching batch 298...
2026-08-23 08:50:57,003 - INFO - 2018 — batch 298 saved (500 records, 149000 total out of 180856)
2026-08-23 08:50:58,009 - INFO - 2018 — fetching batch 299...
2026-08-23 08:51:09,413 - INFO - 2018 — batch 299 saved (500 records, 149500 total out of 180356)
2026-08-23 08:51:10,417 - INFO - 2018 — fetching batch 300...
2026-08-23 08:51:23,090 - INFO - 2018 — batch 300 saved (500 records, 150000 total out of 179856)
2026-08-23 08:51:24,093 - INFO - 2018 — fetching batch 301...
2026-08-23 08:51:36,197 - INFO - 2018 — batch 301 saved (500 records, 150500 total out of 179356)
2026-08-23 08:51:37,206 - INFO - 2018 — fetching batch 302...
2026-08-23 08:51:49,036 - INFO - 2018 — batch 302 saved (500 records, 151000 total out of 178856)
2026-08-23 08:51:50,040 - INFO - 2018 — fetching batch 303...
2026-08-23 08:52:08,309 - INFO - 2018 — batch 303 saved (500 records, 151500 total out of 178356)
2026-08-23 08:52:09,318 - INFO - 2018 — fetching batch 304...
2026-08-23 08:52:20,491 - INFO - 2018 — batch 304 saved (500 records, 152000 total out of 177856)
2026-08-23 08:52:21,498 - INFO - 2018 — fetching batch 305...
2026-08-23 08:52:35,404 - INFO - 2018 — batch 305 saved (500 records, 152500 total out of 177356)
2026-08-23 08:52:36,414 - INFO - 2018 — fetching batch 306...
2026-08-23 08:52:48,801 - INFO - 2018 — batch 306 saved (500 records, 153000 total out of 176856)
2026-08-23 08:52:49,806 - INFO - 2018 — fetching batch 307...
2026-08-23 08:53:02,640 - INFO - 2018 — batch 307 saved (500 records, 153500 total out of 176356)
2026-08-23 08:53:03,653 - INFO - 2018 — fetching batch 308...
2026-08-23 08:53:14,629 - INFO - 2018 — batch 308 saved (500 records, 154000 total out of 175856)
2026-08-23 08:53:15,641 - INFO - 2018 — fetching batch 309...
2026-08-23 08:53:26,834 - INFO - 2018 — batch 309 saved (500 records, 154500 total out of 175356)
2026-08-23 08:53:27,846 - INFO - 2018 — fetching batch 310...
2026-08-23 08:53:39,222 - INFO - 2018 — batch 310 saved (500 records, 155000 total out of 174856)
2026-08-23 08:53:40,225 - INFO - 2018 — fetching batch 311...
2026-08-23 08:53:53,457 - INFO - 2018 — batch 311 saved (500 records, 155500 total out of 174356)
2026-08-23 08:53:54,463 - INFO - 2018 — fetching batch 312...
2026-08-23 08:54:08,066 - INFO - 2018 — batch 312 saved (500 records, 156000 total out of 173856)
2026-08-23 08:54:09,080 - INFO - 2018 — fetching batch 313...
2026-08-23 08:54:20,757 - INFO - 2018 — batch 313 saved (500 records, 156500 total out of 173356)
2026-08-23 08:54:21,764 - INFO - 2018 — fetching batch 314...
2026-08-23 08:54:34,320 - INFO - 2018 — batch 314 saved (500 records, 157000 total out of 172856)
2026-08-23 08:54:35,331 - INFO - 2018 — fetching batch 315...
2026-08-23 08:54:48,727 - INFO - 2018 — batch 315 saved (500 records, 157500 total out of 172356)
2026-08-23 08:54:49,738 - INFO - 2018 — fetching batch 316...
2026-08-23 08:55:01,587 - INFO - 2018 — batch 316 saved (500 records, 158000 total out of 171856)
2026-08-23 08:55:02,591 - INFO - 2018 — fetching batch 317...
2026-08-23 08:55:16,225 - INFO - 2018 — batch 317 saved (500 records, 158500 total out of 171356)
2026-08-23 08:55:17,232 - INFO - 2018 — fetching batch 318...
2026-08-23 08:55:29,316 - INFO - 2018 — batch 318 saved (500 records, 159000 total out of 170856)
2026-08-23 08:55:30,324 - INFO - 2018 — fetching batch 319...
2026-08-23 08:55:42,608 - INFO - 2018 — batch 319 saved (500 records, 159500 total out of 170356)
2026-08-23 08:55:43,615 - INFO - 2018 — fetching batch 320...
2026-08-23 08:55:55,966 - INFO - 2018 — batch 320 saved (500 records, 160000 total out of 169856)
2026-08-23 08:55:56,973 - INFO - 2018 — fetching batch 321...
2026-08-23 08:56:09,596 - INFO - 2018 — batch 321 saved (500 records, 160500 total out of 169356)
2026-08-23 08:56:10,603 - INFO - 2018 — fetching batch 322...
2026-08-23 08:56:22,770 - INFO - 2018 — batch 322 saved (500 records, 161000 total out of 168856)
2026-08-23 08:56:23,778 - INFO - 2018 — fetching batch 323...
2026-08-23 08:56:36,242 - INFO - 2018 — batch 323 saved (500 records, 161500 total out of 168356)
2026-08-23 08:56:37,249 - INFO - 2018 — fetching batch 324...
2026-08-23 08:56:49,745 - INFO - 2018 — batch 324 saved (500 records, 162000 total out of 167856)
2026-08-23 08:56:50,753 - INFO - 2018 — fetching batch 325...
2026-08-23 08:57:03,600 - INFO - 2018 — batch 325 saved (500 records, 162500 total out of 167356)
2026-08-23 08:57:04,607 - INFO - 2018 — fetching batch 326...
2026-08-23 08:57:16,033 - INFO - 2018 — batch 326 saved (500 records, 163000 total out of 166856)
2026-08-23 08:57:17,044 - INFO - 2018 — fetching batch 327...
2026-08-23 08:57:28,435 - INFO - 2018 — batch 327 saved (500 records, 163500 total out of 166356)
2026-08-23 08:57:29,440 - INFO - 2018 — fetching batch 328...
2026-08-23 08:57:41,540 - INFO - 2018 — batch 328 saved (500 records, 164000 total out of 165856)
2026-08-23 08:57:42,547 - INFO - 2018 — fetching batch 329...
2026-08-23 08:57:54,979 - INFO - 2018 — batch 329 saved (500 records, 164500 total out of 165356)
2026-08-23 08:57:55,985 - INFO - 2018 — fetching batch 330...
2026-08-23 08:58:08,845 - INFO - 2018 — batch 330 saved (500 records, 165000 total out of 164856)
2026-08-23 08:58:09,852 - INFO - 2018 — fetching batch 331...
2026-08-23 08:58:21,556 - INFO - 2018 — batch 331 saved (500 records, 165500 total out of 164356)
2026-08-23 08:58:22,560 - INFO - 2018 — fetching batch 332...
2026-08-23 08:58:34,825 - INFO - 2018 — batch 332 saved (500 records, 166000 total out of 163856)
2026-08-23 08:58:35,833 - INFO - 2018 — fetching batch 333...
2026-08-23 08:58:47,700 - INFO - 2018 — batch 333 saved (500 records, 166500 total out of 163356)
2026-08-23 08:58:48,707 - INFO - 2018 — fetching batch 334...
2026-08-23 08:59:01,124 - INFO - 2018 — batch 334 saved (500 records, 167000 total out of 162856)
2026-08-23 08:59:02,131 - INFO - 2018 — fetching batch 335...
2026-08-23 08:59:14,147 - INFO - 2018 — batch 335 saved (500 records, 167500 total out of 162356)
2026-08-23 08:59:15,155 - INFO - 2018 — fetching batch 336...
2026-08-23 08:59:27,020 - INFO - 2018 — batch 336 saved (500 records, 168000 total out of 161856)
2026-08-23 08:59:28,023 - INFO - 2018 — fetching batch 337...
2026-08-23 08:59:39,558 - INFO - 2018 — batch 337 saved (500 records, 168500 total out of 161356)
2026-08-23 08:59:40,565 - INFO - 2018 — fetching batch 338...
2026-08-23 08:59:51,781 - INFO - 2018 — batch 338 saved (500 records, 169000 total out of 160856)
2026-08-23 08:59:52,788 - INFO - 2018 — fetching batch 339...
2026-08-23 09:00:04,997 - INFO - 2018 — batch 339 saved (500 records, 169500 total out of 160356)
2026-08-23 09:00:06,006 - INFO - 2018 — fetching batch 340...
2026-08-23 09:00:18,849 - INFO - 2018 — batch 340 saved (500 records, 170000 total out of 159856)
2026-08-23 09:00:19,854 - INFO - 2018 — fetching batch 341...
2026-08-23 09:00:31,736 - INFO - 2018 — batch 341 saved (500 records, 170500 total out of 159356)
2026-08-23 09:00:32,748 - INFO - 2018 — fetching batch 342...
2026-08-23 09:00:45,074 - INFO - 2018 — batch 342 saved (500 records, 171000 total out of 158856)
2026-08-23 09:00:46,078 - INFO - 2018 — fetching batch 343...
2026-08-23 09:00:57,040 - INFO - 2018 — batch 343 saved (500 records, 171500 total out of 158356)
2026-08-23 09:00:58,051 - INFO - 2018 — fetching batch 344...
2026-08-23 09:01:09,487 - INFO - 2018 — batch 344 saved (500 records, 172000 total out of 157856)
2026-08-23 09:01:10,491 - INFO - 2018 — fetching batch 345...
2026-08-23 09:01:22,870 - INFO - 2018 — batch 345 saved (500 records, 172500 total out of 157356)
2026-08-23 09:01:23,881 - INFO - 2018 — fetching batch 346...
2026-08-23 09:01:35,374 - INFO - 2018 — batch 346 saved (500 records, 173000 total out of 156856)
2026-08-23 09:01:36,384 - INFO - 2018 — fetching batch 347...
2026-08-23 09:01:47,630 - INFO - 2018 — batch 347 saved (500 records, 173500 total out of 156356)
2026-08-23 09:01:48,638 - INFO - 2018 — fetching batch 348...
2026-08-23 09:02:02,069 - INFO - 2018 — batch 348 saved (500 records, 174000 total out of 155856)
2026-08-23 09:02:03,073 - INFO - 2018 — fetching batch 349...
2026-08-23 09:02:15,539 - INFO - 2018 — batch 349 saved (500 records, 174500 total out of 155356)
2026-08-23 09:02:16,546 - INFO - 2018 — fetching batch 350...
2026-08-23 09:02:28,354 - INFO - 2018 — batch 350 saved (500 records, 175000 total out of 154856)
2026-08-23 09:02:29,366 - INFO - 2018 — fetching batch 351...
2026-08-23 09:02:41,518 - INFO - 2018 — batch 351 saved (500 records, 175500 total out of 154356)
2026-08-23 09:02:42,530 - INFO - 2018 — fetching batch 352...
2026-08-23 09:02:54,859 - INFO - 2018 — batch 352 saved (500 records, 176000 total out of 153856)
2026-08-23 09:02:55,871 - INFO - 2018 — fetching batch 353...
2026-08-23 09:03:11,796 - INFO - 2018 — batch 353 saved (500 records, 176500 total out of 153356)
2026-08-23 09:03:12,806 - INFO - 2018 — fetching batch 354...
2026-08-23 09:03:24,966 - INFO - 2018 — batch 354 saved (500 records, 177000 total out of 152856)
2026-08-23 09:03:25,976 - INFO - 2018 — fetching batch 355...
2026-08-23 09:03:38,636 - INFO - 2018 — batch 355 saved (500 records, 177500 total out of 152356)
2026-08-23 09:03:39,648 - INFO - 2018 — fetching batch 356...
2026-08-23 09:03:51,678 - INFO - 2018 — batch 356 saved (500 records, 178000 total out of 151856)
2026-08-23 09:03:52,686 - INFO - 2018 — fetching batch 357...
2026-08-23 09:04:04,817 - INFO - 2018 — batch 357 saved (500 records, 178500 total out of 151356)
2026-08-23 09:04:05,825 - INFO - 2018 — fetching batch 358...
2026-08-23 09:04:17,453 - INFO - 2018 — batch 358 saved (500 records, 179000 total out of 150856)
2026-08-23 09:04:18,464 - INFO - 2018 — fetching batch 359...
2026-08-23 09:04:29,998 - INFO - 2018 — batch 359 saved (500 records, 179500 total out of 150356)
2026-08-23 09:04:31,009 - INFO - 2018 — fetching batch 360...
2026-08-23 09:04:44,550 - INFO - 2018 — batch 360 saved (500 records, 180000 total out of 149856)
2026-08-23 09:04:45,563 - INFO - 2018 — fetching batch 361...
2026-08-23 09:04:58,121 - INFO - 2018 — batch 361 saved (500 records, 180500 total out of 149356)
2026-08-23 09:04:59,141 - INFO - 2018 — fetching batch 362...
2026-08-23 10:01:49,545 - INFO - Found credentials in environment variables.
2026-08-23 10:01:49,690 - INFO - === Starting extraction for 2018 ===
2026-08-23 10:01:49,690 - INFO - 2018 — resuming from batch 362 (180500 records already saved)
2026-08-23 10:01:49,690 - INFO - 2018 — fetching batch 362...
2026-08-23 10:01:52,040 - INFO - 2018 — batch 362 saved (500 records, 181000 total out of 148856)
2026-08-23 10:01:53,046 - INFO - 2018 — fetching batch 363...
2026-08-23 10:02:05,284 - INFO - 2018 — batch 363 saved (500 records, 181500 total out of 148356)
2026-08-23 10:02:06,291 - INFO - 2018 — fetching batch 364...
2026-08-23 10:02:18,391 - INFO - 2018 — batch 364 saved (500 records, 182000 total out of 147856)
2026-08-23 10:02:19,397 - INFO - 2018 — fetching batch 365...
2026-08-23 10:02:31,498 - INFO - 2018 — batch 365 saved (500 records, 182500 total out of 147356)
2026-08-23 10:02:32,505 - INFO - 2018 — fetching batch 366...
2026-08-23 10:02:43,939 - INFO - 2018 — batch 366 saved (500 records, 183000 total out of 146856)
2026-08-23 10:02:44,943 - INFO - 2018 — fetching batch 367...
2026-08-23 10:02:56,772 - INFO - 2018 — batch 367 saved (500 records, 183500 total out of 146356)
2026-08-23 10:02:57,779 - INFO - 2018 — fetching batch 368...
2026-08-23 10:03:09,528 - INFO - 2018 — batch 368 saved (500 records, 184000 total out of 145856)
2026-08-23 10:03:10,532 - INFO - 2018 — fetching batch 369...
2026-08-23 10:03:23,126 - INFO - 2018 — batch 369 saved (500 records, 184500 total out of 145356)
2026-08-23 10:03:24,133 - INFO - 2018 — fetching batch 370...
2026-08-23 10:03:36,332 - INFO - 2018 — batch 370 saved (500 records, 185000 total out of 144856)
2026-08-23 10:03:37,339 - INFO - 2018 — fetching batch 371...
2026-08-23 10:03:49,277 - INFO - 2018 — batch 371 saved (500 records, 185500 total out of 144356)
2026-08-23 10:03:50,282 - INFO - 2018 — fetching batch 372...
2026-08-23 10:04:02,326 - INFO - 2018 — batch 372 saved (500 records, 186000 total out of 143856)
2026-08-23 10:04:03,332 - INFO - 2018 — fetching batch 373...
2026-08-23 10:04:14,781 - INFO - 2018 — batch 373 saved (500 records, 186500 total out of 143356)
2026-08-23 10:04:15,789 - INFO - 2018 — fetching batch 374...
2026-08-23 10:04:28,938 - INFO - 2018 — batch 374 saved (500 records, 187000 total out of 142856)
2026-08-23 10:04:29,948 - INFO - 2018 — fetching batch 375...
2026-08-23 10:04:42,441 - INFO - 2018 — batch 375 saved (500 records, 187500 total out of 142356)
2026-08-23 10:04:43,448 - INFO - 2018 — fetching batch 376...
2026-08-23 10:04:54,441 - INFO - 2018 — batch 376 saved (500 records, 188000 total out of 141856)
2026-08-23 10:10:23,674 - INFO - 2018 — fetching batch 377...
2026-08-23 10:30:38,596 - INFO - Found credentials in environment variables.
2026-08-23 10:30:38,860 - INFO - === Starting extraction for 2018 ===
2026-08-23 10:30:38,860 - INFO - 2018 — resuming from batch 377 (188000 records already saved)
2026-08-23 10:30:38,861 - INFO - 2018 — fetching batch 377...
2026-08-23 10:30:44,359 - INFO - 2018 — batch 377 saved (500 records, 188500 total out of 141356)
2026-08-23 10:30:45,366 - INFO - 2018 — fetching batch 378...
2026-08-23 10:31:14,811 - INFO - 2018 — batch 378 saved (500 records, 189000 total out of 140856)
2026-08-23 10:31:15,818 - INFO - 2018 — fetching batch 379...
2026-08-23 10:31:46,245 - ERROR - 2018 — API error on batch 379: 503 Server Error: Service Unavailable for url: https://data.usajobs.gov/api/historicjoa?continuationtoken=c9qJXTMjMI09omQ7gzp2Ng%3D%3D&startpositionopendate=2018-01-01&endpositionopendate=2018-12-31
2026-08-23 10:31:46,246 - INFO - Retry 1/5 — waiting 30s...
2026-08-23 10:32:16,258 - INFO - 2018 — fetching batch 379...
2026-08-23 10:32:25,902 - INFO - 2018 — batch 379 saved (500 records, 189500 total out of 140356)
2026-08-23 10:32:26,910 - INFO - 2018 — fetching batch 380...
2026-08-23 10:32:57,309 - ERROR - 2018 — API error on batch 380: 503 Server Error: Service Unavailable for url: https://data.usajobs.gov/api/historicjoa?continuationtoken=cu%2FysKArBtD8Y9Wyrks%2FlQ%3D%3D&startpositionopendate=2018-01-01&endpositionopendate=2018-12-31
2026-08-23 10:32:57,310 - INFO - Retry 1/5 — waiting 30s...
2026-08-23 10:33:27,316 - INFO - 2018 — fetching batch 380...
2026-08-23 10:33:49,453 - INFO - 2018 — batch 380 saved (500 records, 190000 total out of 139856)
2026-08-23 10:33:50,461 - INFO - 2018 — fetching batch 381...
2026-08-23 10:34:20,817 - ERROR - 2018 — API error on batch 381: 503 Server Error: Service Unavailable for url: https://data.usajobs.gov/api/historicjoa?continuationtoken=pkSH8wO4CwEbOpQOt9ZpJw%3D%3D&startpositionopendate=2018-01-01&endpositionopendate=2018-12-31
2026-08-23 10:34:20,819 - INFO - Retry 1/5 — waiting 30s...
2026-08-23 10:34:50,826 - INFO - 2018 — fetching batch 381...
2026-08-23 10:34:58,205 - INFO - 2018 — batch 381 saved (500 records, 190500 total out of 139356)
2026-08-23 10:34:59,212 - INFO - 2018 — fetching batch 382...
2026-08-23 10:35:18,767 - INFO - 2018 — batch 382 saved (500 records, 191000 total out of 138856)
2026-08-23 10:35:19,772 - INFO - 2018 — fetching batch 383...
2026-08-23 10:35:34,072 - INFO - 2018 — batch 383 saved (500 records, 191500 total out of 138356)
2026-08-23 10:35:35,075 - INFO - 2018 — fetching batch 384...
2026-08-23 10:36:05,470 - ERROR - 2018 — API error on batch 384: 503 Server Error: Service Unavailable for url: https://data.usajobs.gov/api/historicjoa?continuationtoken=zUSMbZnAASvNnejFBQgznQ%3D%3D&startpositionopendate=2018-01-01&endpositionopendate=2018-12-31
2026-08-23 10:36:05,471 - INFO - Retry 1/5 — waiting 30s...
2026-08-23 10:36:35,478 - INFO - 2018 — fetching batch 384...
2026-08-23 10:36:40,252 - INFO - 2018 — batch 384 saved (500 records, 192000 total out of 137856)
2026-08-23 10:36:41,263 - INFO - 2018 — fetching batch 385...
2026-08-23 10:37:03,144 - INFO - 2018 — batch 385 saved (500 records, 192500 total out of 137356)
2026-08-23 10:37:04,147 - INFO - 2018 — fetching batch 386...
2026-08-23 10:37:22,953 - INFO - 2018 — batch 386 saved (500 records, 193000 total out of 136856)
2026-08-23 10:37:23,956 - INFO - 2018 — fetching batch 387...
2026-08-23 10:37:54,369 - ERROR - 2018 — API error on batch 387: 503 Server Error: Service Unavailable for url: https://data.usajobs.gov/api/historicjoa?continuationtoken=5b6RrPg%2B4sKcWw5n3IDvTw%3D%3D&startpositionopendate=2018-01-01&endpositionopendate=2018-12-31
2026-08-23 10:37:54,370 - INFO - Retry 1/5 — waiting 30s...
2026-08-23 10:38:24,375 - INFO - 2018 — fetching batch 387...
2026-08-23 10:38:27,310 - INFO - 2018 — batch 387 saved (500 records, 193500 total out of 136356)
2026-08-23 10:38:28,312 - INFO - 2018 — fetching batch 388...
2026-08-23 10:38:45,364 - INFO - 2018 — batch 388 saved (500 records, 194000 total out of 135856)
2026-08-23 10:38:46,372 - INFO - 2018 — fetching batch 389...
2026-08-23 10:39:16,884 - ERROR - 2018 — API error on batch 389: 503 Server Error: Service Unavailable for url: https://data.usajobs.gov/api/historicjoa?continuationtoken=uYuZ%2FQYXMZLjBcgtzmpiFQ%3D%3D&startpositionopendate=2018-01-01&endpositionopendate=2018-12-31
2026-08-23 10:39:16,885 - INFO - Retry 1/5 — waiting 30s...
2026-08-23 10:39:46,892 - INFO - 2018 — fetching batch 389...
2026-08-23 10:39:59,748 - INFO - 2018 — batch 389 saved (500 records, 194500 total out of 135356)
2026-08-23 10:40:00,758 - INFO - 2018 — fetching batch 390...
2026-08-23 10:40:22,009 - INFO - 2018 — batch 390 saved (500 records, 195000 total out of 134856)
2026-08-23 10:40:23,019 - INFO - 2018 — fetching batch 391...
2026-08-23 10:40:39,028 - INFO - 2018 — batch 391 saved (500 records, 195500 total out of 134356)
2026-08-23 10:40:40,042 - INFO - 2018 — fetching batch 392...
2026-08-23 10:41:04,470 - INFO - 2018 — batch 392 saved (500 records, 196000 total out of 133856)
2026-08-23 10:41:05,476 - INFO - 2018 — fetching batch 393...
2026-08-23 10:41:35,772 - ERROR - 2018 — API error on batch 393: 503 Server Error: Service Unavailable for url: https://data.usajobs.gov/api/historicjoa?continuationtoken=OtyvwA9PiyIanadn0fEnRw%3D%3D&startpositionopendate=2018-01-01&endpositionopendate=2018-12-31
2026-08-23 10:41:35,774 - INFO - Retry 1/5 — waiting 30s...
2026-08-23 10:42:05,778 - INFO - 2018 — fetching batch 393...
2026-08-23 10:42:09,704 - INFO - 2018 — batch 393 saved (500 records, 196500 total out of 133356)
2026-08-23 10:42:10,712 - INFO - 2018 — fetching batch 394...
2026-08-23 10:42:24,155 - INFO - 2018 — batch 394 saved (500 records, 197000 total out of 132856)
2026-08-23 10:42:25,158 - INFO - 2018 — fetching batch 395...
2026-08-23 10:42:48,518 - INFO - 2018 — batch 395 saved (500 records, 197500 total out of 132356)
2026-08-23 10:42:49,523 - INFO - 2018 — fetching batch 396...
2026-08-23 10:43:19,985 - ERROR - 2018 — API error on batch 396: 503 Server Error: Service Unavailable for url: https://data.usajobs.gov/api/historicjoa?continuationtoken=7G1oHwirK%2BgyqNsiv3snxA%3D%3D&startpositionopendate=2018-01-01&endpositionopendate=2018-12-31
2026-08-23 10:43:19,987 - INFO - Retry 1/5 — waiting 30s...
2026-08-23 10:43:49,990 - INFO - 2018 — fetching batch 396...
2026-08-23 10:43:54,169 - INFO - 2018 — batch 396 saved (500 records, 198000 total out of 131856)
2026-08-23 10:43:55,172 - INFO - 2018 — fetching batch 397...
2026-08-23 10:44:25,489 - ERROR - 2018 — API error on batch 397: 503 Server Error: Service Unavailable for url: https://data.usajobs.gov/api/historicjoa?continuationtoken=yNMzJguKZJGooQ%2BeV4sflg%3D%3D&startpositionopendate=2018-01-01&endpositionopendate=2018-12-31
2026-08-23 10:44:25,491 - INFO - Retry 1/5 — waiting 30s...
2026-08-23 10:44:55,497 - INFO - 2018 — fetching batch 397...
2026-08-23 10:45:13,604 - INFO - 2018 — batch 397 saved (500 records, 198500 total out of 131356)
2026-08-23 10:45:14,612 - INFO - 2018 — fetching batch 398...
2026-08-23 10:45:31,857 - INFO - 2018 — batch 398 saved (500 records, 199000 total out of 130856)
2026-08-23 10:45:32,862 - INFO - 2018 — fetching batch 399...
2026-08-23 10:45:50,908 - INFO - 2018 — batch 399 saved (500 records, 199500 total out of 130356)
2026-08-23 10:45:51,915 - INFO - 2018 — fetching batch 400...
2026-08-23 10:46:06,328 - INFO - 2018 — batch 400 saved (500 records, 200000 total out of 129856)
2026-08-23 10:46:07,334 - INFO - 2018 — fetching batch 401...
2026-08-23 10:46:20,322 - INFO - 2018 — batch 401 saved (500 records, 200500 total out of 129356)
2026-08-23 10:46:21,329 - INFO - 2018 — fetching batch 402...
2026-08-23 10:46:32,909 - INFO - 2018 — batch 402 saved (500 records, 201000 total out of 128856)
2026-08-23 10:46:33,916 - INFO - 2018 — fetching batch 403...
2026-08-23 10:46:47,348 - INFO - 2018 — batch 403 saved (500 records, 201500 total out of 128356)
2026-08-23 10:46:48,355 - INFO - 2018 — fetching batch 404...
2026-08-23 10:47:01,400 - INFO - 2018 — batch 404 saved (500 records, 202000 total out of 127856)
2026-08-23 10:47:02,405 - INFO - 2018 — fetching batch 405...
2026-08-23 10:47:15,473 - INFO - 2018 — batch 405 saved (500 records, 202500 total out of 127356)
2026-08-23 10:47:16,479 - INFO - 2018 — fetching batch 406...
2026-08-23 10:47:28,484 - INFO - 2018 — batch 406 saved (500 records, 203000 total out of 126856)
2026-08-23 10:47:29,493 - INFO - 2018 — fetching batch 407...
2026-08-23 10:47:41,556 - INFO - 2018 — batch 407 saved (500 records, 203500 total out of 126356)
2026-08-23 10:47:42,568 - INFO - 2018 — fetching batch 408...
2026-08-23 10:47:55,500 - INFO - 2018 — batch 408 saved (500 records, 204000 total out of 125856)
2026-08-23 10:47:56,506 - INFO - 2018 — fetching batch 409...
2026-08-23 10:48:08,902 - INFO - 2018 — batch 409 saved (500 records, 204500 total out of 125356)
2026-08-23 10:48:09,909 - INFO - 2018 — fetching batch 410...
2026-08-23 10:48:23,044 - INFO - 2018 — batch 410 saved (500 records, 205000 total out of 124856)
2026-08-23 10:48:24,052 - INFO - 2018 — fetching batch 411...
2026-08-23 10:48:37,214 - INFO - 2018 — batch 411 saved (500 records, 205500 total out of 124356)
2026-08-23 10:48:38,221 - INFO - 2018 — fetching batch 412...
2026-08-23 10:48:50,754 - INFO - 2018 — batch 412 saved (500 records, 206000 total out of 123856)
2026-08-23 10:48:51,757 - INFO - 2018 — fetching batch 413...
2026-08-23 10:49:04,572 - INFO - 2018 — batch 413 saved (500 records, 206500 total out of 123356)
2026-08-23 10:49:05,578 - INFO - 2018 — fetching batch 414...
2026-08-23 10:49:18,966 - INFO - 2018 — batch 414 saved (500 records, 207000 total out of 122856)
2026-08-23 10:49:19,976 - INFO - 2018 — fetching batch 415...
2026-08-23 10:49:33,225 - INFO - 2018 — batch 415 saved (500 records, 207500 total out of 122356)
2026-08-23 10:49:34,229 - INFO - 2018 — fetching batch 416...
2026-08-23 10:49:47,494 - INFO - 2018 — batch 416 saved (500 records, 208000 total out of 121856)
2026-08-23 10:49:48,509 - INFO - 2018 — fetching batch 417...
2026-08-23 10:50:01,331 - INFO - 2018 — batch 417 saved (500 records, 208500 total out of 121356)
2026-08-23 10:50:02,333 - INFO - 2018 — fetching batch 418...
2026-08-23 10:50:15,052 - INFO - 2018 — batch 418 saved (500 records, 209000 total out of 120856)
2026-08-23 10:50:16,060 - INFO - 2018 — fetching batch 419...
2026-08-23 10:50:29,991 - INFO - 2018 — batch 419 saved (500 records, 209500 total out of 120356)
2026-08-23 10:50:30,997 - INFO - 2018 — fetching batch 420...
2026-08-23 10:50:44,847 - INFO - 2018 — batch 420 saved (500 records, 210000 total out of 119856)
2026-08-23 10:50:45,851 - INFO - 2018 — fetching batch 421...
2026-08-23 10:50:58,237 - INFO - 2018 — batch 421 saved (500 records, 210500 total out of 119356)
2026-08-23 10:50:59,246 - INFO - 2018 — fetching batch 422...
2026-08-23 10:51:16,906 - INFO - 2018 — batch 422 saved (500 records, 211000 total out of 118856)
2026-08-23 10:51:17,911 - INFO - 2018 — fetching batch 423...
2026-08-23 10:51:30,107 - INFO - 2018 — batch 423 saved (500 records, 211500 total out of 118356)
2026-08-23 10:51:31,121 - INFO - 2018 — fetching batch 424...
2026-08-23 10:51:43,436 - INFO - 2018 — batch 424 saved (500 records, 212000 total out of 117856)
2026-08-23 10:51:44,443 - INFO - 2018 — fetching batch 425...
2026-08-23 10:51:57,631 - INFO - 2018 — batch 425 saved (500 records, 212500 total out of 117356)
2026-08-23 10:51:58,647 - INFO - 2018 — fetching batch 426...
2026-08-23 10:52:11,553 - INFO - 2018 — batch 426 saved (500 records, 213000 total out of 116856)
2026-08-23 10:52:12,557 - INFO - 2018 — fetching batch 427...
2026-08-23 10:52:26,809 - INFO - 2018 — batch 427 saved (500 records, 213500 total out of 116356)
2026-08-23 10:52:27,812 - INFO - 2018 — fetching batch 428...
2026-08-23 10:52:41,154 - INFO - 2018 — batch 428 saved (500 records, 214000 total out of 115856)
2026-08-23 10:52:42,157 - INFO - 2018 — fetching batch 429...
2026-08-23 10:52:54,722 - INFO - 2018 — batch 429 saved (500 records, 214500 total out of 115356)
2026-08-23 10:52:55,728 - INFO - 2018 — fetching batch 430...
2026-08-23 10:53:07,466 - INFO - 2018 — batch 430 saved (500 records, 215000 total out of 114856)
2026-08-23 10:53:08,468 - INFO - 2018 — fetching batch 431...
2026-08-23 10:53:21,346 - INFO - 2018 — batch 431 saved (500 records, 215500 total out of 114356)
2026-08-23 10:53:22,352 - INFO - 2018 — fetching batch 432...
2026-08-23 10:53:36,830 - INFO - 2018 — batch 432 saved (500 records, 216000 total out of 113856)
2026-08-23 10:53:37,833 - INFO - 2018 — fetching batch 433...
2026-08-23 10:53:49,821 - INFO - 2018 — batch 433 saved (500 records, 216500 total out of 113356)
2026-08-23 10:53:50,823 - INFO - 2018 — fetching batch 434...
2026-08-23 10:54:02,943 - INFO - 2018 — batch 434 saved (500 records, 217000 total out of 112856)
2026-08-23 10:54:03,946 - INFO - 2018 — fetching batch 435...
2026-08-23 10:54:16,415 - INFO - 2018 — batch 435 saved (500 records, 217500 total out of 112356)
2026-08-23 10:54:17,421 - INFO - 2018 — fetching batch 436...
2026-08-23 10:54:29,976 - INFO - 2018 — batch 436 saved (500 records, 218000 total out of 111856)
2026-08-23 10:54:30,979 - INFO - 2018 — fetching batch 437...
2026-08-23 10:54:47,361 - INFO - 2018 — batch 437 saved (500 records, 218500 total out of 111356)
2026-08-23 10:54:48,367 - INFO - 2018 — fetching batch 438...
2026-08-23 10:55:01,768 - INFO - 2018 — batch 438 saved (500 records, 219000 total out of 110856)
2026-08-23 10:55:02,773 - INFO - 2018 — fetching batch 439...
2026-08-23 10:55:15,687 - INFO - 2018 — batch 439 saved (500 records, 219500 total out of 110356)
2026-08-23 10:55:16,695 - INFO - 2018 — fetching batch 440...
2026-08-23 10:55:28,586 - INFO - 2018 — batch 440 saved (500 records, 220000 total out of 109856)
2026-08-23 10:55:29,592 - INFO - 2018 — fetching batch 441...
2026-08-23 10:55:45,077 - INFO - 2018 — batch 441 saved (500 records, 220500 total out of 109356)
2026-08-23 10:55:46,083 - INFO - 2018 — fetching batch 442...
2026-08-23 10:55:58,744 - INFO - 2018 — batch 442 saved (500 records, 221000 total out of 108856)
2026-08-23 10:55:59,746 - INFO - 2018 — fetching batch 443...
2026-08-23 10:56:12,278 - INFO - 2018 — batch 443 saved (500 records, 221500 total out of 108356)
2026-08-23 10:56:13,285 - INFO - 2018 — fetching batch 444...
2026-08-23 10:56:25,819 - INFO - 2018 — batch 444 saved (500 records, 222000 total out of 107856)
2026-08-23 10:56:26,829 - INFO - 2018 — fetching batch 445...
2026-08-23 10:56:39,280 - INFO - 2018 — batch 445 saved (500 records, 222500 total out of 107356)
2026-08-23 10:56:40,287 - INFO - 2018 — fetching batch 446...
2026-08-23 10:56:54,869 - INFO - 2018 — batch 446 saved (500 records, 223000 total out of 106856)
2026-08-23 10:56:55,873 - INFO - 2018 — fetching batch 447...
2026-08-23 10:57:08,347 - INFO - 2018 — batch 447 saved (500 records, 223500 total out of 106356)
2026-08-23 10:57:09,356 - INFO - 2018 — fetching batch 448...
2026-08-23 10:57:25,649 - INFO - 2018 — batch 448 saved (500 records, 224000 total out of 105856)
2026-08-23 10:57:26,654 - INFO - 2018 — fetching batch 449...
2026-08-23 10:57:49,538 - INFO - 2018 — batch 449 saved (500 records, 224500 total out of 105356)
2026-08-23 10:57:50,545 - INFO - 2018 — fetching batch 450...
2026-08-23 10:58:03,999 - INFO - 2018 — batch 450 saved (500 records, 225000 total out of 104856)
2026-08-23 10:58:05,007 - INFO - 2018 — fetching batch 451...
2026-08-23 10:58:18,173 - INFO - 2018 — batch 451 saved (500 records, 225500 total out of 104356)
2026-08-23 10:58:19,180 - INFO - 2018 — fetching batch 452...
2026-08-23 10:58:31,200 - INFO - 2018 — batch 452 saved (500 records, 226000 total out of 103856)
2026-08-23 10:58:32,208 - INFO - 2018 — fetching batch 453...
2026-08-23 10:58:51,534 - INFO - 2018 — batch 453 saved (500 records, 226500 total out of 103356)
2026-08-23 10:58:52,537 - INFO - 2018 — fetching batch 454...
2026-08-23 10:59:05,220 - INFO - 2018 — batch 454 saved (500 records, 227000 total out of 102856)
2026-08-23 10:59:06,226 - INFO - 2018 — fetching batch 455...
2026-08-23 10:59:19,787 - INFO - 2018 — batch 455 saved (500 records, 227500 total out of 102356)
2026-08-23 10:59:20,790 - INFO - 2018 — fetching batch 456...
2026-08-23 10:59:34,585 - INFO - 2018 — batch 456 saved (500 records, 228000 total out of 101856)
2026-08-23 10:59:35,591 - INFO - 2018 — fetching batch 457...
2026-08-23 10:59:47,491 - INFO - 2018 — batch 457 saved (500 records, 228500 total out of 101356)
2026-08-23 10:59:48,494 - INFO - 2018 — fetching batch 458...
2026-08-23 11:00:05,603 - INFO - 2018 — batch 458 saved (500 records, 229000 total out of 100856)
2026-08-23 11:00:06,611 - INFO - 2018 — fetching batch 459...
2026-08-23 11:00:18,740 - INFO - 2018 — batch 459 saved (500 records, 229500 total out of 100356)
2026-08-23 11:00:19,751 - INFO - 2018 — fetching batch 460...
2026-08-23 11:00:33,629 - INFO - 2018 — batch 460 saved (500 records, 230000 total out of 99856)
2026-08-23 11:00:34,633 - INFO - 2018 — fetching batch 461...
2026-08-23 11:00:46,739 - INFO - 2018 — batch 461 saved (500 records, 230500 total out of 99356)
2026-08-23 11:00:47,744 - INFO - 2018 — fetching batch 462...
2026-08-23 11:01:04,040 - INFO - 2018 — batch 462 saved (500 records, 231000 total out of 98856)
2026-08-23 11:01:05,046 - INFO - 2018 — fetching batch 463...
2026-08-23 11:01:17,673 - INFO - 2018 — batch 463 saved (500 records, 231500 total out of 98356)
2026-08-23 11:01:18,678 - INFO - 2018 — fetching batch 464...
2026-08-23 11:01:32,485 - INFO - 2018 — batch 464 saved (500 records, 232000 total out of 97856)
2026-08-23 11:01:33,487 - INFO - 2018 — fetching batch 465...
2026-08-23 11:02:03,959 - ERROR - 2018 — API error on batch 465: 503 Server Error: Service Unavailable for url: https://data.usajobs.gov/api/historicjoa?continuationtoken=pbgChb7dKByPhZyJjsA3hw%3D%3D&startpositionopendate=2018-01-01&endpositionopendate=2018-12-31
2026-08-23 11:02:03,961 - INFO - Retry 1/5 — waiting 30s...
2026-08-23 11:02:34,018 - INFO - 2018 — fetching batch 465...
2026-08-23 11:02:41,224 - INFO - 2018 — batch 465 saved (500 records, 232500 total out of 97356)
2026-08-23 11:02:42,233 - INFO - 2018 — fetching batch 466...
2026-08-23 11:02:53,838 - INFO - 2018 — batch 466 saved (500 records, 233000 total out of 96856)
2026-08-23 11:02:54,845 - INFO - 2018 — fetching batch 467...
2026-08-23 11:03:07,947 - INFO - 2018 — batch 467 saved (500 records, 233500 total out of 96356)
2026-08-23 11:03:08,963 - INFO - 2018 — fetching batch 468...
2026-08-23 11:03:21,246 - INFO - 2018 — batch 468 saved (500 records, 234000 total out of 95856)
2026-08-23 11:03:22,257 - INFO - 2018 — fetching batch 469...
2026-08-23 11:03:32,940 - INFO - 2018 — batch 469 saved (500 records, 234500 total out of 95356)
2026-08-23 11:03:33,967 - INFO - 2018 — fetching batch 470...
2026-08-23 11:03:44,715 - INFO - 2018 — batch 470 saved (500 records, 235000 total out of 94856)
2026-08-23 11:03:45,720 - INFO - 2018 — fetching batch 471...
2026-08-23 11:03:55,887 - INFO - 2018 — batch 471 saved (500 records, 235500 total out of 94356)
2026-08-23 11:03:56,890 - INFO - 2018 — fetching batch 472...
2026-08-23 11:04:07,122 - INFO - 2018 — batch 472 saved (500 records, 236000 total out of 93856)
2026-08-23 11:04:08,130 - INFO - 2018 — fetching batch 473...
2026-08-23 11:04:20,649 - INFO - 2018 — batch 473 saved (500 records, 236500 total out of 93356)
2026-08-23 11:04:21,655 - INFO - 2018 — fetching batch 474...
2026-08-23 11:04:31,286 - INFO - 2018 — batch 474 saved (500 records, 237000 total out of 92856)
2026-08-23 11:04:32,295 - INFO - 2018 — fetching batch 475...
2026-08-23 11:04:43,461 - INFO - 2018 — batch 475 saved (500 records, 237500 total out of 92356)
2026-08-23 11:04:44,465 - INFO - 2018 — fetching batch 476...
2026-08-23 11:04:54,517 - INFO - 2018 — batch 476 saved (500 records, 238000 total out of 91856)
2026-08-23 11:04:55,524 - INFO - 2018 — fetching batch 477...
2026-08-23 11:05:06,600 - INFO - 2018 — batch 477 saved (500 records, 238500 total out of 91356)
2026-08-23 11:05:07,602 - INFO - 2018 — fetching batch 478...
2026-08-23 11:05:17,599 - INFO - 2018 — batch 478 saved (500 records, 239000 total out of 90856)
2026-08-23 11:05:18,607 - INFO - 2018 — fetching batch 479...
2026-08-23 11:05:29,641 - INFO - 2018 — batch 479 saved (500 records, 239500 total out of 90356)
2026-08-23 11:05:30,643 - INFO - 2018 — fetching batch 480...
2026-08-23 11:05:40,338 - INFO - 2018 — batch 480 saved (500 records, 240000 total out of 89856)
2026-08-23 11:05:41,343 - INFO - 2018 — fetching batch 481...
2026-08-23 11:05:51,645 - INFO - 2018 — batch 481 saved (500 records, 240500 total out of 89356)
2026-08-23 11:05:52,652 - INFO - 2018 — fetching batch 482...
2026-08-23 11:06:02,609 - INFO - 2018 — batch 482 saved (500 records, 241000 total out of 88856)
2026-08-23 11:06:03,610 - INFO - 2018 — fetching batch 483...
2026-08-23 11:06:14,417 - INFO - 2018 — batch 483 saved (500 records, 241500 total out of 88356)
2026-08-23 11:06:15,421 - INFO - 2018 — fetching batch 484...
2026-08-23 11:06:25,658 - INFO - 2018 — batch 484 saved (500 records, 242000 total out of 87856)
2026-08-23 11:06:26,661 - INFO - 2018 — fetching batch 485...
2026-08-23 11:06:36,702 - INFO - 2018 — batch 485 saved (500 records, 242500 total out of 87356)
2026-08-23 11:06:37,708 - INFO - 2018 — fetching batch 486...
2026-08-23 11:06:47,306 - INFO - 2018 — batch 486 saved (500 records, 243000 total out of 86856)
2026-08-23 11:06:48,313 - INFO - 2018 — fetching batch 487...
2026-08-23 11:06:58,983 - INFO - 2018 — batch 487 saved (500 records, 243500 total out of 86356)
2026-08-23 11:06:59,994 - INFO - 2018 — fetching batch 488...
2026-08-23 11:07:10,903 - INFO - 2018 — batch 488 saved (500 records, 244000 total out of 85856)
2026-08-23 11:07:11,910 - INFO - 2018 — fetching batch 489...
2026-08-23 11:07:22,280 - INFO - 2018 — batch 489 saved (500 records, 244500 total out of 85356)
2026-08-23 11:07:23,283 - INFO - 2018 — fetching batch 490...
2026-08-23 11:07:33,895 - INFO - 2018 — batch 490 saved (500 records, 245000 total out of 84856)
2026-08-23 11:07:34,898 - INFO - 2018 — fetching batch 491...
2026-08-23 11:07:44,270 - INFO - 2018 — batch 491 saved (500 records, 245500 total out of 84356)
2026-08-23 11:07:45,273 - INFO - 2018 — fetching batch 492...
2026-08-23 11:07:55,729 - INFO - 2018 — batch 492 saved (500 records, 246000 total out of 83856)
2026-08-23 11:07:56,736 - INFO - 2018 — fetching batch 493...
2026-08-23 11:08:06,518 - INFO - 2018 — batch 493 saved (500 records, 246500 total out of 83356)
2026-08-23 11:08:07,522 - INFO - 2018 — fetching batch 494...
2026-08-23 11:08:17,414 - INFO - 2018 — batch 494 saved (500 records, 247000 total out of 82856)
2026-08-23 11:08:18,429 - INFO - 2018 — fetching batch 495...
2026-08-23 11:08:27,897 - INFO - 2018 — batch 495 saved (500 records, 247500 total out of 82356)
2026-08-23 11:08:28,899 - INFO - 2018 — fetching batch 496...
2026-08-23 11:08:38,896 - INFO - 2018 — batch 496 saved (500 records, 248000 total out of 81856)
2026-08-23 11:08:39,900 - INFO - 2018 — fetching batch 497...
2026-08-23 11:08:51,701 - INFO - 2018 — batch 497 saved (500 records, 248500 total out of 81356)
2026-08-23 11:08:52,704 - INFO - 2018 — fetching batch 498...
2026-08-23 11:09:02,956 - INFO - 2018 — batch 498 saved (500 records, 249000 total out of 80856)
2026-08-23 11:09:03,959 - INFO - 2018 — fetching batch 499...
2026-08-23 11:09:13,475 - INFO - 2018 — batch 499 saved (500 records, 249500 total out of 80356)
2026-08-23 11:09:14,482 - INFO - 2018 — fetching batch 500...
2026-08-23 11:09:24,517 - INFO - 2018 — batch 500 saved (500 records, 250000 total out of 79856)
2026-08-23 11:09:25,525 - INFO - 2018 — fetching batch 501...
2026-08-23 11:09:34,861 - INFO - 2018 — batch 501 saved (500 records, 250500 total out of 79356)
2026-08-23 11:09:35,874 - INFO - 2018 — fetching batch 502...
2026-08-23 11:09:46,413 - INFO - 2018 — batch 502 saved (500 records, 251000 total out of 78856)
2026-08-23 11:09:47,432 - INFO - 2018 — fetching batch 503...
2026-08-23 11:09:56,478 - INFO - 2018 — batch 503 saved (500 records, 251500 total out of 78356)
2026-08-23 11:09:57,484 - INFO - 2018 — fetching batch 504...
2026-08-23 11:10:07,577 - INFO - 2018 — batch 504 saved (500 records, 252000 total out of 77856)
2026-08-23 11:10:08,584 - INFO - 2018 — fetching batch 505...
2026-08-23 11:10:19,262 - INFO - 2018 — batch 505 saved (500 records, 252500 total out of 77356)
2026-08-23 11:10:20,268 - INFO - 2018 — fetching batch 506...
2026-08-23 11:10:32,177 - INFO - 2018 — batch 506 saved (500 records, 253000 total out of 76856)
2026-08-23 11:10:33,184 - INFO - 2018 — fetching batch 507...
2026-08-23 11:10:43,223 - INFO - 2018 — batch 507 saved (500 records, 253500 total out of 76356)
2026-08-23 11:10:44,229 - INFO - 2018 — fetching batch 508...
2026-08-23 11:10:57,255 - INFO - 2018 — batch 508 saved (500 records, 254000 total out of 75856)
2026-08-23 11:10:58,262 - INFO - 2018 — fetching batch 509...
2026-08-23 11:11:08,941 - INFO - 2018 — batch 509 saved (500 records, 254500 total out of 75356)
2026-08-23 11:11:09,949 - INFO - 2018 — fetching batch 510...
2026-08-23 11:11:19,227 - INFO - 2018 — batch 510 saved (500 records, 255000 total out of 74856)
2026-08-23 11:11:20,235 - INFO - 2018 — fetching batch 511...
2026-08-23 11:11:30,888 - INFO - 2018 — batch 511 saved (500 records, 255500 total out of 74356)
2026-08-23 11:11:31,891 - INFO - 2018 — fetching batch 512...
2026-08-23 11:11:41,671 - INFO - 2018 — batch 512 saved (500 records, 256000 total out of 73856)
2026-08-23 11:11:42,677 - INFO - 2018 — fetching batch 513...
2026-08-23 11:11:52,169 - INFO - 2018 — batch 513 saved (500 records, 256500 total out of 73356)
2026-08-23 11:11:53,176 - INFO - 2018 — fetching batch 514...
2026-08-23 11:12:04,982 - INFO - 2018 — batch 514 saved (500 records, 257000 total out of 72856)
2026-08-23 11:12:05,986 - INFO - 2018 — fetching batch 515...
2026-08-23 11:12:16,433 - INFO - 2018 — batch 515 saved (500 records, 257500 total out of 72356)
2026-08-23 11:12:17,441 - INFO - 2018 — fetching batch 516...
2026-08-23 11:12:32,118 - INFO - 2018 — batch 516 saved (500 records, 258000 total out of 71856)
2026-08-23 11:12:33,136 - INFO - 2018 — fetching batch 517...
2026-08-23 11:12:43,764 - INFO - 2018 — batch 517 saved (500 records, 258500 total out of 71356)
2026-08-23 11:12:44,770 - INFO - 2018 — fetching batch 518...
2026-08-23 11:12:53,926 - INFO - 2018 — batch 518 saved (500 records, 259000 total out of 70856)
2026-08-23 11:12:54,932 - INFO - 2018 — fetching batch 519...
2026-08-23 11:13:04,713 - INFO - 2018 — batch 519 saved (500 records, 259500 total out of 70356)
2026-08-23 11:13:05,719 - INFO - 2018 — fetching batch 520...
2026-08-23 11:13:15,778 - INFO - 2018 — batch 520 saved (500 records, 260000 total out of 69856)
2026-08-23 11:13:16,783 - INFO - 2018 — fetching batch 521...
2026-08-23 11:13:26,670 - INFO - 2018 — batch 521 saved (500 records, 260500 total out of 69356)
2026-08-23 11:13:27,676 - INFO - 2018 — fetching batch 522...
2026-08-23 11:13:39,261 - INFO - 2018 — batch 522 saved (500 records, 261000 total out of 68856)
2026-08-23 11:13:40,265 - INFO - 2018 — fetching batch 523...
2026-08-23 11:13:52,506 - INFO - 2018 — batch 523 saved (500 records, 261500 total out of 68356)
2026-08-23 11:13:53,511 - INFO - 2018 — fetching batch 524...
2026-08-23 11:14:04,449 - INFO - 2018 — batch 524 saved (500 records, 262000 total out of 67856)
2026-08-23 11:14:05,454 - INFO - 2018 — fetching batch 525...
2026-08-23 11:14:15,713 - INFO - 2018 — batch 525 saved (500 records, 262500 total out of 67356)
2026-08-23 11:14:16,720 - INFO - 2018 — fetching batch 526...
2026-08-23 11:14:27,393 - INFO - 2018 — batch 526 saved (500 records, 263000 total out of 66856)
2026-08-23 11:14:28,397 - INFO - 2018 — fetching batch 527...
2026-08-23 11:14:39,304 - INFO - 2018 — batch 527 saved (500 records, 263500 total out of 66356)
2026-08-23 11:14:40,307 - INFO - 2018 — fetching batch 528...
2026-08-23 11:14:53,989 - INFO - 2018 — batch 528 saved (500 records, 264000 total out of 65856)
2026-08-23 11:14:54,996 - INFO - 2018 — fetching batch 529...
2026-08-23 11:15:09,811 - INFO - 2018 — batch 529 saved (500 records, 264500 total out of 65356)
2026-08-23 11:15:10,813 - INFO - 2018 — fetching batch 530...
2026-08-23 11:15:19,792 - INFO - 2018 — batch 530 saved (500 records, 265000 total out of 64856)
2026-08-23 11:15:20,799 - INFO - 2018 — fetching batch 531...
2026-08-23 11:15:31,737 - INFO - 2018 — batch 531 saved (500 records, 265500 total out of 64356)
2026-08-23 11:15:32,743 - INFO - 2018 — fetching batch 532...
2026-08-23 11:15:42,548 - INFO - 2018 — batch 532 saved (500 records, 266000 total out of 63856)
2026-08-23 11:15:43,580 - INFO - 2018 — fetching batch 533...
2026-08-23 11:15:54,038 - INFO - 2018 — batch 533 saved (500 records, 266500 total out of 63356)
2026-08-23 11:15:55,044 - INFO - 2018 — fetching batch 534...
2026-08-23 11:16:07,192 - INFO - 2018 — batch 534 saved (500 records, 267000 total out of 62856)
2026-08-23 11:16:08,197 - INFO - 2018 — fetching batch 535...
2026-08-23 11:16:19,968 - INFO - 2018 — batch 535 saved (500 records, 267500 total out of 62356)
2026-08-23 11:16:20,974 - INFO - 2018 — fetching batch 536...
2026-08-23 11:16:31,782 - INFO - 2018 — batch 536 saved (500 records, 268000 total out of 61856)
2026-08-23 11:16:32,785 - INFO - 2018 — fetching batch 537...
2026-08-23 11:16:42,525 - INFO - 2018 — batch 537 saved (500 records, 268500 total out of 61356)
2026-08-23 11:16:43,532 - INFO - 2018 — fetching batch 538...
2026-08-23 11:16:54,048 - INFO - 2018 — batch 538 saved (500 records, 269000 total out of 60856)
2026-08-23 11:16:55,055 - INFO - 2018 — fetching batch 539...
2026-08-23 11:17:05,715 - INFO - 2018 — batch 539 saved (500 records, 269500 total out of 60356)
2026-08-23 11:17:06,722 - INFO - 2018 — fetching batch 540...
2026-08-23 11:17:17,372 - INFO - 2018 — batch 540 saved (500 records, 270000 total out of 59856)
2026-08-23 11:17:18,379 - INFO - 2018 — fetching batch 541...
2026-08-23 11:17:30,470 - INFO - 2018 — batch 541 saved (500 records, 270500 total out of 59356)
2026-08-23 11:17:31,473 - INFO - 2018 — fetching batch 542...
2026-08-23 11:17:40,980 - INFO - 2018 — batch 542 saved (500 records, 271000 total out of 58856)
2026-08-23 11:17:41,987 - INFO - 2018 — fetching batch 543...
2026-08-23 11:17:52,050 - INFO - 2018 — batch 543 saved (500 records, 271500 total out of 58356)
2026-08-23 11:17:53,055 - INFO - 2018 — fetching batch 544...
2026-08-23 11:18:02,553 - INFO - 2018 — batch 544 saved (500 records, 272000 total out of 57856)
2026-08-23 11:18:03,557 - INFO - 2018 — fetching batch 545...
2026-08-23 11:18:13,419 - INFO - 2018 — batch 545 saved (500 records, 272500 total out of 57356)
2026-08-23 11:18:14,426 - INFO - 2018 — fetching batch 546...
2026-08-23 11:18:25,624 - INFO - 2018 — batch 546 saved (500 records, 273000 total out of 56856)
2026-08-23 11:18:26,627 - INFO - 2018 — fetching batch 547...
2026-08-23 11:18:37,145 - INFO - 2018 — batch 547 saved (500 records, 273500 total out of 56356)
2026-08-23 11:18:38,150 - INFO - 2018 — fetching batch 548...
2026-08-23 11:18:50,873 - INFO - 2018 — batch 548 saved (500 records, 274000 total out of 55856)
2026-08-23 11:18:51,880 - INFO - 2018 — fetching batch 549...
2026-08-23 11:19:04,188 - INFO - 2018 — batch 549 saved (500 records, 274500 total out of 55356)
2026-08-23 11:19:05,190 - INFO - 2018 — fetching batch 550...
2026-08-23 11:19:16,840 - INFO - 2018 — batch 550 saved (500 records, 275000 total out of 54856)
2026-08-23 11:19:17,847 - INFO - 2018 — fetching batch 551...
2026-08-23 11:19:28,193 - INFO - 2018 — batch 551 saved (500 records, 275500 total out of 54356)
2026-08-23 11:19:29,196 - INFO - 2018 — fetching batch 552...
2026-08-23 11:19:39,542 - INFO - 2018 — batch 552 saved (500 records, 276000 total out of 53856)
2026-08-23 11:19:40,549 - INFO - 2018 — fetching batch 553...
2026-08-23 11:19:50,894 - INFO - 2018 — batch 553 saved (500 records, 276500 total out of 53356)
2026-08-23 11:19:51,902 - INFO - 2018 — fetching batch 554...
2026-08-23 11:20:03,149 - INFO - 2018 — batch 554 saved (500 records, 277000 total out of 52856)
2026-08-23 11:20:04,154 - INFO - 2018 — fetching batch 555...
2026-08-23 11:20:14,856 - INFO - 2018 — batch 555 saved (500 records, 277500 total out of 52356)
2026-08-23 11:20:15,862 - INFO - 2018 — fetching batch 556...
2026-08-23 11:20:26,634 - INFO - 2018 — batch 556 saved (500 records, 278000 total out of 51856)
2026-08-23 11:20:27,636 - INFO - 2018 — fetching batch 557...
2026-08-23 11:20:39,589 - INFO - 2018 — batch 557 saved (500 records, 278500 total out of 51356)
2026-08-23 11:20:40,591 - INFO - 2018 — fetching batch 558...
2026-08-23 11:20:51,456 - INFO - 2018 — batch 558 saved (500 records, 279000 total out of 50856)
2026-08-23 11:20:52,463 - INFO - 2018 — fetching batch 559...
2026-08-23 11:21:02,749 - INFO - 2018 — batch 559 saved (500 records, 279500 total out of 50356)
2026-08-23 11:21:03,751 - INFO - 2018 — fetching batch 560...
2026-08-23 11:21:13,930 - INFO - 2018 — batch 560 saved (500 records, 280000 total out of 49856)
2026-08-23 11:21:14,935 - INFO - 2018 — fetching batch 561...
2026-08-23 11:21:25,098 - INFO - 2018 — batch 561 saved (500 records, 280500 total out of 49356)
2026-08-23 11:21:26,101 - INFO - 2018 — fetching batch 562...
2026-08-23 11:21:35,404 - INFO - 2018 — batch 562 saved (500 records, 281000 total out of 48856)
2026-08-23 11:21:36,411 - INFO - 2018 — fetching batch 563...
2026-08-23 11:21:46,370 - INFO - 2018 — batch 563 saved (500 records, 281500 total out of 48356)
2026-08-23 11:21:47,374 - INFO - 2018 — fetching batch 564...
2026-08-23 11:21:56,888 - INFO - 2018 — batch 564 saved (500 records, 282000 total out of 47856)
2026-08-23 11:21:57,895 - INFO - 2018 — fetching batch 565...
2026-08-23 11:22:09,520 - INFO - 2018 — batch 565 saved (500 records, 282500 total out of 47356)
2026-08-23 11:22:10,526 - INFO - 2018 — fetching batch 566...
2026-08-23 11:22:22,124 - INFO - 2018 — batch 566 saved (500 records, 283000 total out of 46856)
2026-08-23 11:22:23,132 - INFO - 2018 — fetching batch 567...
2026-08-23 11:22:33,356 - INFO - 2018 — batch 567 saved (500 records, 283500 total out of 46356)
2026-08-23 11:22:34,363 - INFO - 2018 — fetching batch 568...
2026-08-23 11:22:45,004 - INFO - 2018 — batch 568 saved (500 records, 284000 total out of 45856)
2026-08-23 11:22:46,007 - INFO - 2018 — fetching batch 569...
2026-08-23 11:22:56,572 - INFO - 2018 — batch 569 saved (500 records, 284500 total out of 45356)
2026-08-23 11:22:57,575 - INFO - 2018 — fetching batch 570...
2026-08-23 11:23:07,340 - INFO - 2018 — batch 570 saved (500 records, 285000 total out of 44856)
2026-08-23 11:23:08,347 - INFO - 2018 — fetching batch 571...
2026-08-23 11:23:18,046 - INFO - 2018 — batch 571 saved (500 records, 285500 total out of 44356)
2026-08-23 11:23:19,051 - INFO - 2018 — fetching batch 572...
2026-08-23 11:23:30,170 - INFO - 2018 — batch 572 saved (500 records, 286000 total out of 43856)
2026-08-23 11:23:31,178 - INFO - 2018 — fetching batch 573...
2026-08-23 11:23:41,189 - INFO - 2018 — batch 573 saved (500 records, 286500 total out of 43356)
2026-08-23 11:23:42,195 - INFO - 2018 — fetching batch 574...
2026-08-23 11:23:52,708 - INFO - 2018 — batch 574 saved (500 records, 287000 total out of 42856)
2026-08-23 11:23:53,713 - INFO - 2018 — fetching batch 575...
2026-08-23 11:24:03,220 - INFO - 2018 — batch 575 saved (500 records, 287500 total out of 42356)
2026-08-23 11:24:04,223 - INFO - 2018 — fetching batch 576...
2026-08-23 11:24:14,577 - INFO - 2018 — batch 576 saved (500 records, 288000 total out of 41856)
2026-08-23 11:24:15,581 - INFO - 2018 — fetching batch 577...
2026-08-23 11:24:25,262 - INFO - 2018 — batch 577 saved (500 records, 288500 total out of 41356)
2026-08-23 11:24:26,270 - INFO - 2018 — fetching batch 578...
2026-08-23 11:24:37,519 - INFO - 2018 — batch 578 saved (500 records, 289000 total out of 40856)
2026-08-23 11:24:38,525 - INFO - 2018 — fetching batch 579...
2026-08-23 11:24:48,848 - INFO - 2018 — batch 579 saved (500 records, 289500 total out of 40356)
2026-08-23 11:24:49,855 - INFO - 2018 — fetching batch 580...
2026-08-23 11:24:59,805 - INFO - 2018 — batch 580 saved (500 records, 290000 total out of 39856)
2026-08-23 11:25:00,808 - INFO - 2018 — fetching batch 581...
2026-08-23 11:25:10,770 - INFO - 2018 — batch 581 saved (500 records, 290500 total out of 39356)
2026-08-23 11:25:11,775 - INFO - 2018 — fetching batch 582...
2026-08-23 11:25:22,428 - INFO - 2018 — batch 582 saved (500 records, 291000 total out of 38856)
2026-08-23 11:25:23,433 - INFO - 2018 — fetching batch 583...
2026-08-23 11:25:33,617 - INFO - 2018 — batch 583 saved (500 records, 291500 total out of 38356)
2026-08-23 11:25:34,623 - INFO - 2018 — fetching batch 584...
2026-08-23 11:25:45,551 - INFO - 2018 — batch 584 saved (500 records, 292000 total out of 37856)
2026-08-23 11:25:46,555 - INFO - 2018 — fetching batch 585...
2026-08-23 11:26:01,407 - INFO - 2018 — batch 585 saved (500 records, 292500 total out of 37356)
2026-08-23 11:26:02,409 - INFO - 2018 — fetching batch 586...
2026-08-23 11:26:12,453 - INFO - 2018 — batch 586 saved (500 records, 293000 total out of 36856)
2026-08-23 11:26:13,459 - INFO - 2018 — fetching batch 587...
2026-08-23 11:26:25,669 - INFO - 2018 — batch 587 saved (500 records, 293500 total out of 36356)
2026-08-23 11:26:26,674 - INFO - 2018 — fetching batch 588...
2026-08-23 11:26:40,386 - INFO - 2018 — batch 588 saved (500 records, 294000 total out of 35856)
2026-08-23 11:26:41,391 - INFO - 2018 — fetching batch 589...
2026-08-23 11:26:51,992 - INFO - 2018 — batch 589 saved (500 records, 294500 total out of 35356)
2026-08-23 11:26:52,996 - INFO - 2018 — fetching batch 590...
2026-08-23 11:27:03,789 - INFO - 2018 — batch 590 saved (500 records, 295000 total out of 34856)
2026-08-23 11:27:04,797 - INFO - 2018 — fetching batch 591...
2026-08-23 11:27:15,110 - INFO - 2018 — batch 591 saved (500 records, 295500 total out of 34356)
2026-08-23 11:27:16,115 - INFO - 2018 — fetching batch 592...
2026-08-23 11:27:26,223 - INFO - 2018 — batch 592 saved (500 records, 296000 total out of 33856)
2026-08-23 11:27:27,226 - INFO - 2018 — fetching batch 593...
2026-08-23 11:27:37,705 - INFO - 2018 — batch 593 saved (500 records, 296500 total out of 33356)
2026-08-23 11:27:38,711 - INFO - 2018 — fetching batch 594...
2026-08-23 11:27:49,927 - INFO - 2018 — batch 594 saved (500 records, 297000 total out of 32856)
2026-08-23 11:27:50,934 - INFO - 2018 — fetching batch 595...
2026-08-23 11:28:01,731 - INFO - 2018 — batch 595 saved (500 records, 297500 total out of 32356)
2026-08-23 11:28:02,739 - INFO - 2018 — fetching batch 596...
2026-08-23 11:28:16,987 - INFO - 2018 — batch 596 saved (500 records, 298000 total out of 31856)
2026-08-23 11:28:17,992 - INFO - 2018 — fetching batch 597...
2026-08-23 11:28:28,720 - INFO - 2018 — batch 597 saved (500 records, 298500 total out of 31356)
2026-08-23 11:28:29,726 - INFO - 2018 — fetching batch 598...
2026-08-23 11:28:39,973 - INFO - 2018 — batch 598 saved (500 records, 299000 total out of 30856)
2026-08-23 11:28:40,979 - INFO - 2018 — fetching batch 599...
2026-08-23 11:28:51,367 - INFO - 2018 — batch 599 saved (500 records, 299500 total out of 30356)
2026-08-23 11:28:52,376 - INFO - 2018 — fetching batch 600...
2026-08-23 11:29:02,807 - INFO - 2018 — batch 600 saved (500 records, 300000 total out of 29856)
2026-08-23 11:29:03,809 - INFO - 2018 — fetching batch 601...
2026-08-23 11:29:14,161 - INFO - 2018 — batch 601 saved (500 records, 300500 total out of 29356)
2026-08-23 11:29:15,165 - INFO - 2018 — fetching batch 602...
2026-08-23 11:29:26,393 - INFO - 2018 — batch 602 saved (500 records, 301000 total out of 28856)
2026-08-23 11:29:27,399 - INFO - 2018 — fetching batch 603...
2026-08-23 11:29:36,752 - INFO - 2018 — batch 603 saved (500 records, 301500 total out of 28356)
2026-08-23 11:29:37,755 - INFO - 2018 — fetching batch 604...
2026-08-23 11:29:47,889 - INFO - 2018 — batch 604 saved (500 records, 302000 total out of 27856)
2026-08-23 11:29:48,891 - INFO - 2018 — fetching batch 605...
2026-08-23 11:29:59,761 - INFO - 2018 — batch 605 saved (500 records, 302500 total out of 27356)
2026-08-23 11:30:00,766 - INFO - 2018 — fetching batch 606...
2026-08-23 11:30:10,959 - INFO - 2018 — batch 606 saved (500 records, 303000 total out of 26856)
2026-08-23 11:30:11,962 - INFO - 2018 — fetching batch 607...
2026-08-23 11:30:23,018 - INFO - 2018 — batch 607 saved (500 records, 303500 total out of 26356)
2026-08-23 11:30:24,024 - INFO - 2018 — fetching batch 608...
2026-08-23 11:30:33,757 - INFO - 2018 — batch 608 saved (500 records, 304000 total out of 25856)
2026-08-23 11:30:34,761 - INFO - 2018 — fetching batch 609...
2026-08-23 11:30:45,806 - INFO - 2018 — batch 609 saved (500 records, 304500 total out of 25356)
2026-08-23 11:30:46,813 - INFO - 2018 — fetching batch 610...
2026-08-23 11:30:59,221 - INFO - 2018 — batch 610 saved (500 records, 305000 total out of 24856)
2026-08-23 11:31:00,225 - INFO - 2018 — fetching batch 611...
2026-08-23 11:31:09,863 - INFO - 2018 — batch 611 saved (500 records, 305500 total out of 24356)
2026-08-23 11:31:10,866 - INFO - 2018 — fetching batch 612...
2026-08-23 11:31:20,586 - INFO - 2018 — batch 612 saved (500 records, 306000 total out of 23856)
2026-08-23 11:31:21,591 - INFO - 2018 — fetching batch 613...
2026-08-23 11:31:33,385 - INFO - 2018 — batch 613 saved (500 records, 306500 total out of 23356)
2026-08-23 11:31:34,387 - INFO - 2018 — fetching batch 614...
2026-08-23 11:31:44,715 - INFO - 2018 — batch 614 saved (500 records, 307000 total out of 22856)
2026-08-23 11:31:45,721 - INFO - 2018 — fetching batch 615...
2026-08-23 11:32:00,208 - INFO - 2018 — batch 615 saved (500 records, 307500 total out of 22356)
2026-08-23 11:32:01,211 - INFO - 2018 — fetching batch 616...
2026-08-23 11:32:11,285 - INFO - 2018 — batch 616 saved (500 records, 308000 total out of 21856)
2026-08-23 11:32:12,294 - INFO - 2018 — fetching batch 617...
2026-08-23 11:32:22,844 - INFO - 2018 — batch 617 saved (500 records, 308500 total out of 21356)
2026-08-23 11:32:23,851 - INFO - 2018 — fetching batch 618...
2026-08-23 11:32:34,608 - INFO - 2018 — batch 618 saved (500 records, 309000 total out of 20856)
2026-08-23 11:32:35,611 - INFO - 2018 — fetching batch 619...
2026-08-23 11:32:47,623 - INFO - 2018 — batch 619 saved (500 records, 309500 total out of 20356)
2026-08-23 11:32:48,626 - INFO - 2018 — fetching batch 620...
2026-08-23 11:32:58,721 - INFO - 2018 — batch 620 saved (500 records, 310000 total out of 19856)
2026-08-23 11:32:59,728 - INFO - 2018 — fetching batch 621...
2026-08-23 11:33:09,633 - INFO - 2018 — batch 621 saved (500 records, 310500 total out of 19356)
2026-08-23 11:33:10,635 - INFO - 2018 — fetching batch 622...
2026-08-23 11:33:20,485 - INFO - 2018 — batch 622 saved (500 records, 311000 total out of 18856)
2026-08-23 11:33:21,489 - INFO - 2018 — fetching batch 623...
2026-08-23 11:33:31,757 - INFO - 2018 — batch 623 saved (500 records, 311500 total out of 18356)
2026-08-23 11:33:32,762 - INFO - 2018 — fetching batch 624...
2026-08-23 11:33:46,435 - INFO - 2018 — batch 624 saved (500 records, 312000 total out of 17856)
2026-08-23 11:33:47,437 - INFO - 2018 — fetching batch 625...
2026-08-23 11:33:57,752 - INFO - 2018 — batch 625 saved (500 records, 312500 total out of 17356)
2026-08-23 11:33:58,758 - INFO - 2018 — fetching batch 626...
2026-08-23 11:34:08,867 - INFO - 2018 — batch 626 saved (500 records, 313000 total out of 16856)
2026-08-23 11:34:09,869 - INFO - 2018 — fetching batch 627...
2026-08-23 11:34:20,795 - INFO - 2018 — batch 627 saved (500 records, 313500 total out of 16356)
2026-08-23 11:34:21,799 - INFO - 2018 — fetching batch 628...
2026-08-23 11:34:31,665 - INFO - 2018 — batch 628 saved (500 records, 314000 total out of 15856)
2026-08-23 11:34:32,671 - INFO - 2018 — fetching batch 629...
2026-08-23 11:34:42,709 - INFO - 2018 — batch 629 saved (500 records, 314500 total out of 15356)
2026-08-23 11:34:43,715 - INFO - 2018 — fetching batch 630...
2026-08-23 11:34:54,842 - INFO - 2018 — batch 630 saved (500 records, 315000 total out of 14856)
2026-08-23 11:34:55,849 - INFO - 2018 — fetching batch 631...
2026-08-23 11:35:07,488 - INFO - 2018 — batch 631 saved (500 records, 315500 total out of 14356)
2026-08-23 11:35:08,490 - INFO - 2018 — fetching batch 632...
2026-08-23 11:35:19,923 - INFO - 2018 — batch 632 saved (500 records, 316000 total out of 13856)
2026-08-23 11:35:20,930 - INFO - 2018 — fetching batch 633...
2026-08-23 11:35:30,533 - INFO - 2018 — batch 633 saved (500 records, 316500 total out of 13356)
2026-08-23 11:35:31,538 - INFO - 2018 — fetching batch 634...
2026-08-23 11:35:42,491 - INFO - 2018 — batch 634 saved (500 records, 317000 total out of 12856)
2026-08-23 11:35:43,497 - INFO - 2018 — fetching batch 635...
2026-08-23 11:35:53,827 - INFO - 2018 — batch 635 saved (500 records, 317500 total out of 12356)
2026-08-23 11:35:54,830 - INFO - 2018 — fetching batch 636...
2026-08-23 11:36:05,169 - INFO - 2018 — batch 636 saved (500 records, 318000 total out of 11856)
2026-08-23 11:36:06,176 - INFO - 2018 — fetching batch 637...
2026-08-23 11:36:16,732 - INFO - 2018 — batch 637 saved (500 records, 318500 total out of 11356)
2026-08-23 11:36:17,737 - INFO - 2018 — fetching batch 638...
2026-08-23 11:36:28,605 - INFO - 2018 — batch 638 saved (500 records, 319000 total out of 10856)
2026-08-23 11:36:29,616 - INFO - 2018 — fetching batch 639...
2026-08-23 11:36:39,059 - INFO - 2018 — batch 639 saved (500 records, 319500 total out of 10356)
2026-08-23 11:36:40,067 - INFO - 2018 — fetching batch 640...
2026-08-23 11:36:51,203 - INFO - 2018 — batch 640 saved (500 records, 320000 total out of 9856)
2026-08-23 11:36:52,205 - INFO - 2018 — fetching batch 641...
2026-08-23 11:37:01,803 - INFO - 2018 — batch 641 saved (500 records, 320500 total out of 9356)
2026-08-23 11:37:02,808 - INFO - 2018 — fetching batch 642...
2026-08-23 11:37:14,564 - INFO - 2018 — batch 642 saved (500 records, 321000 total out of 8856)
2026-08-23 11:37:15,571 - INFO - 2018 — fetching batch 643...
2026-08-23 11:37:25,278 - INFO - 2018 — batch 643 saved (500 records, 321500 total out of 8356)
2026-08-23 11:37:26,285 - INFO - 2018 — fetching batch 644...
2026-08-23 11:37:36,411 - INFO - 2018 — batch 644 saved (500 records, 322000 total out of 7856)
2026-08-23 11:37:37,418 - INFO - 2018 — fetching batch 645...
2026-08-23 11:37:50,307 - INFO - 2018 — batch 645 saved (500 records, 322500 total out of 7356)
2026-08-23 11:37:51,312 - INFO - 2018 — fetching batch 646...
2026-08-23 11:38:01,953 - INFO - 2018 — batch 646 saved (500 records, 323000 total out of 6856)
2026-08-23 11:38:02,956 - INFO - 2018 — fetching batch 647...
2026-08-23 11:38:13,716 - INFO - 2018 — batch 647 saved (500 records, 323500 total out of 6356)
2026-08-23 11:38:14,721 - INFO - 2018 — fetching batch 648...
2026-08-23 11:38:24,398 - INFO - 2018 — batch 648 saved (500 records, 324000 total out of 5856)
2026-08-23 11:38:25,406 - INFO - 2018 — fetching batch 649...
2026-08-23 11:38:36,457 - INFO - 2018 — batch 649 saved (500 records, 324500 total out of 5356)
2026-08-23 11:38:37,467 - INFO - 2018 — fetching batch 650...
2026-08-23 11:38:48,192 - INFO - 2018 — batch 650 saved (500 records, 325000 total out of 4856)
2026-08-23 11:38:49,198 - INFO - 2018 — fetching batch 651...
2026-08-23 11:38:59,017 - INFO - 2018 — batch 651 saved (500 records, 325500 total out of 4356)
2026-08-23 11:39:00,020 - INFO - 2018 — fetching batch 652...
2026-08-23 11:39:14,327 - INFO - 2018 — batch 652 saved (500 records, 326000 total out of 3856)
2026-08-23 11:39:15,335 - INFO - 2018 — fetching batch 653...
2026-08-23 11:39:25,118 - INFO - 2018 — batch 653 saved (500 records, 326500 total out of 3356)
2026-08-23 11:39:26,121 - INFO - 2018 — fetching batch 654...
2026-08-23 11:39:37,390 - INFO - 2018 — batch 654 saved (500 records, 327000 total out of 2856)
2026-08-23 11:39:38,397 - INFO - 2018 — fetching batch 655...
2026-08-23 11:39:51,030 - INFO - 2018 — batch 655 saved (500 records, 327500 total out of 2356)
2026-08-23 11:39:52,036 - INFO - 2018 — fetching batch 656...
2026-08-23 11:40:01,955 - INFO - 2018 — batch 656 saved (500 records, 328000 total out of 1856)
2026-08-23 11:40:03,114 - INFO - 2018 — fetching batch 657...
2026-08-23 11:40:13,167 - INFO - 2018 — batch 657 saved (500 records, 328500 total out of 1356)
2026-08-23 11:40:14,172 - INFO - 2018 — fetching batch 658...
2026-08-23 11:40:25,285 - INFO - 2018 — batch 658 saved (500 records, 329000 total out of 856)
2026-08-23 11:40:26,289 - INFO - 2018 — fetching batch 659...
2026-08-23 11:40:37,023 - INFO - 2018 — batch 659 saved (356 records, 329356 total out of unknown)
2026-08-23 11:40:37,024 - INFO - All pages fetched for year - {year}
2026-08-23 11:40:37,024 - INFO - === 2018 complete: 329356 records ===

2026-08-23 11:40:37,024 - INFO - === Starting extraction for 2019 ===
2026-08-23 11:40:37,024 - INFO - 2019 — fetching batch 1...
2026-08-23 11:40:48,470 - INFO - 2019 — batch 1 saved (500 records, 500 total out of 349256)
2026-08-23 11:40:49,476 - INFO - 2019 — fetching batch 2...
2026-08-23 11:41:00,831 - INFO - 2019 — batch 2 saved (500 records, 1000 total out of 348756)
2026-08-23 11:41:01,834 - INFO - 2019 — fetching batch 3...
2026-08-23 11:41:15,016 - INFO - 2019 — batch 3 saved (500 records, 1500 total out of 348256)
2026-08-23 11:41:16,022 - INFO - 2019 — fetching batch 4...
2026-08-23 11:41:32,628 - INFO - 2019 — batch 4 saved (500 records, 2000 total out of 347756)
2026-08-23 11:41:33,631 - INFO - 2019 — fetching batch 5...
2026-08-23 11:41:46,002 - INFO - 2019 — batch 5 saved (500 records, 2500 total out of 347256)
2026-08-23 11:41:47,008 - INFO - 2019 — fetching batch 6...
2026-08-23 11:41:58,598 - INFO - 2019 — batch 6 saved (500 records, 3000 total out of 346756)
2026-08-23 11:41:59,601 - INFO - 2019 — fetching batch 7...
2026-08-23 11:42:09,734 - INFO - 2019 — batch 7 saved (500 records, 3500 total out of 346256)
2026-08-23 11:42:10,735 - INFO - 2019 — fetching batch 8...
2026-08-23 11:42:23,678 - INFO - 2019 — batch 8 saved (500 records, 4000 total out of 345756)
2026-08-23 11:42:24,681 - INFO - 2019 — fetching batch 9...
2026-08-23 11:42:35,159 - INFO - 2019 — batch 9 saved (500 records, 4500 total out of 345256)
2026-08-23 11:42:36,161 - INFO - 2019 — fetching batch 10...
2026-08-23 11:42:48,266 - INFO - 2019 — batch 10 saved (500 records, 5000 total out of 344756)
2026-08-23 11:42:49,273 - INFO - 2019 — fetching batch 11...
2026-08-23 11:43:00,316 - INFO - 2019 — batch 11 saved (500 records, 5500 total out of 344256)
2026-08-23 11:43:01,322 - INFO - 2019 — fetching batch 12...
2026-08-23 11:43:12,651 - INFO - 2019 — batch 12 saved (500 records, 6000 total out of 343756)
2026-08-23 11:43:13,658 - INFO - 2019 — fetching batch 13...
2026-08-23 11:43:25,608 - INFO - 2019 — batch 13 saved (500 records, 6500 total out of 343256)
2026-08-23 11:43:26,614 - INFO - 2019 — fetching batch 14...
2026-08-23 11:43:38,060 - INFO - 2019 — batch 14 saved (500 records, 7000 total out of 342756)
2026-08-23 11:43:39,063 - INFO - 2019 — fetching batch 15...
2026-08-23 11:43:49,012 - INFO - 2019 — batch 15 saved (500 records, 7500 total out of 342256)
2026-08-23 11:43:50,019 - INFO - 2019 — fetching batch 16...
2026-08-23 11:44:00,622 - INFO - 2019 — batch 16 saved (500 records, 8000 total out of 341756)
2026-08-23 11:44:01,627 - INFO - 2019 — fetching batch 17...
2026-08-23 11:44:12,179 - INFO - 2019 — batch 17 saved (500 records, 8500 total out of 341256)
2026-08-23 11:44:13,182 - INFO - 2019 — fetching batch 18...
2026-08-23 11:44:23,443 - INFO - 2019 — batch 18 saved (500 records, 9000 total out of 340756)
2026-08-23 11:44:24,449 - INFO - 2019 — fetching batch 19...
2026-08-23 11:44:34,764 - INFO - 2019 — batch 19 saved (500 records, 9500 total out of 340256)
2026-08-23 11:44:35,770 - INFO - 2019 — fetching batch 20...
2026-08-23 11:44:45,868 - INFO - 2019 — batch 20 saved (500 records, 10000 total out of 339756)
2026-08-23 11:44:46,876 - INFO - 2019 — fetching batch 21...
2026-08-23 11:44:57,539 - INFO - 2019 — batch 21 saved (500 records, 10500 total out of 339256)
2026-08-23 11:44:58,546 - INFO - 2019 — fetching batch 22...
2026-08-23 11:45:10,093 - INFO - 2019 — batch 22 saved (500 records, 11000 total out of 338756)
2026-08-23 11:45:11,095 - INFO - 2019 — fetching batch 23...
2026-08-23 11:45:21,968 - INFO - 2019 — batch 23 saved (500 records, 11500 total out of 338256)
2026-08-23 11:45:22,973 - INFO - 2019 — fetching batch 24...
2026-08-23 11:45:33,253 - INFO - 2019 — batch 24 saved (500 records, 12000 total out of 337756)
2026-08-23 11:45:34,260 - INFO - 2019 — fetching batch 25...
2026-08-23 11:45:45,554 - INFO - 2019 — batch 25 saved (500 records, 12500 total out of 337256)
2026-08-23 11:45:46,557 - INFO - 2019 — fetching batch 26...
2026-08-23 11:45:57,921 - INFO - 2019 — batch 26 saved (500 records, 13000 total out of 336756)
2026-08-23 11:45:58,929 - INFO - 2019 — fetching batch 27...
2026-08-23 11:46:11,567 - INFO - 2019 — batch 27 saved (500 records, 13500 total out of 336256)
2026-08-23 11:46:12,574 - INFO - 2019 — fetching batch 28...
2026-08-23 11:46:24,866 - INFO - 2019 — batch 28 saved (500 records, 14000 total out of 335756)
2026-08-23 11:46:25,874 - INFO - 2019 — fetching batch 29...
2026-08-23 11:46:37,878 - INFO - 2019 — batch 29 saved (500 records, 14500 total out of 335256)
2026-08-23 11:46:38,884 - INFO - 2019 — fetching batch 30...
2026-08-23 11:46:49,691 - INFO - 2019 — batch 30 saved (500 records, 15000 total out of 334756)
2026-08-23 11:46:50,694 - INFO - 2019 — fetching batch 31...
2026-08-23 11:47:01,748 - INFO - 2019 — batch 31 saved (500 records, 15500 total out of 334256)
2026-08-23 11:47:02,755 - INFO - 2019 — fetching batch 32...
2026-08-23 11:47:13,809 - INFO - 2019 — batch 32 saved (500 records, 16000 total out of 333756)
2026-08-23 11:47:14,815 - INFO - 2019 — fetching batch 33...
2026-08-23 11:47:25,661 - INFO - 2019 — batch 33 saved (500 records, 16500 total out of 333256)
2026-08-23 11:47:26,666 - INFO - 2019 — fetching batch 34...
2026-08-23 11:47:37,173 - INFO - 2019 — batch 34 saved (500 records, 17000 total out of 332756)
2026-08-23 11:47:38,176 - INFO - 2019 — fetching batch 35...
2026-08-23 11:47:48,935 - INFO - 2019 — batch 35 saved (500 records, 17500 total out of 332256)
2026-08-23 11:47:49,942 - INFO - 2019 — fetching batch 36...
2026-08-23 11:48:03,800 - INFO - 2019 — batch 36 saved (500 records, 18000 total out of 331756)
2026-08-23 11:48:04,804 - INFO - 2019 — fetching batch 37...
2026-08-23 11:48:15,932 - INFO - 2019 — batch 37 saved (500 records, 18500 total out of 331256)
2026-08-23 11:48:16,940 - INFO - 2019 — fetching batch 38...
2026-08-23 11:48:26,873 - INFO - 2019 — batch 38 saved (500 records, 19000 total out of 330756)
2026-08-23 11:48:27,880 - INFO - 2019 — fetching batch 39...
2026-08-23 11:48:37,838 - INFO - 2019 — batch 39 saved (500 records, 19500 total out of 330256)
2026-08-23 11:48:38,840 - INFO - 2019 — fetching batch 40...
2026-08-23 11:48:50,364 - INFO - 2019 — batch 40 saved (500 records, 20000 total out of 329756)
2026-08-23 11:48:51,370 - INFO - 2019 — fetching batch 41...
2026-08-23 11:49:02,648 - INFO - 2019 — batch 41 saved (500 records, 20500 total out of 329256)
2026-08-23 11:49:03,655 - INFO - 2019 — fetching batch 42...
2026-08-23 11:49:14,109 - INFO - 2019 — batch 42 saved (500 records, 21000 total out of 328756)
2026-08-23 11:49:15,114 - INFO - 2019 — fetching batch 43...
2026-08-23 11:49:26,024 - INFO - 2019 — batch 43 saved (500 records, 21500 total out of 328256)
2026-08-23 11:49:27,032 - INFO - 2019 — fetching batch 44...
2026-08-23 11:49:37,223 - INFO - 2019 — batch 44 saved (500 records, 22000 total out of 327756)
2026-08-23 11:49:38,228 - INFO - 2019 — fetching batch 45...
2026-08-23 11:49:52,988 - INFO - 2019 — batch 45 saved (500 records, 22500 total out of 327256)
2026-08-23 11:49:54,001 - INFO - 2019 — fetching batch 46...
2026-08-23 11:50:04,198 - INFO - 2019 — batch 46 saved (500 records, 23000 total out of 326756)
2026-08-23 11:50:05,209 - INFO - 2019 — fetching batch 47...
2026-08-23 11:50:17,063 - INFO - 2019 — batch 47 saved (500 records, 23500 total out of 326256)
2026-08-23 11:50:18,065 - INFO - 2019 — fetching batch 48...
2026-08-23 11:50:27,985 - INFO - 2019 — batch 48 saved (500 records, 24000 total out of 325756)
2026-08-23 11:50:28,992 - INFO - 2019 — fetching batch 49...
2026-08-23 11:50:39,106 - INFO - 2019 — batch 49 saved (500 records, 24500 total out of 325256)
2026-08-23 11:50:40,110 - INFO - 2019 — fetching batch 50...
2026-08-23 11:50:50,483 - INFO - 2019 — batch 50 saved (500 records, 25000 total out of 324756)
2026-08-23 11:50:51,489 - INFO - 2019 — fetching batch 51...
2026-08-23 11:51:01,566 - INFO - 2019 — batch 51 saved (500 records, 25500 total out of 324256)
2026-08-23 11:51:02,572 - INFO - 2019 — fetching batch 52...
2026-08-23 11:51:12,772 - INFO - 2019 — batch 52 saved (500 records, 26000 total out of 323756)
2026-08-23 11:51:13,777 - INFO - 2019 — fetching batch 53...
2026-08-23 11:51:25,711 - INFO - 2019 — batch 53 saved (500 records, 26500 total out of 323256)
2026-08-23 11:51:26,716 - INFO - 2019 — fetching batch 54...
2026-08-23 11:51:37,366 - INFO - 2019 — batch 54 saved (500 records, 27000 total out of 322756)
2026-08-23 11:51:38,373 - INFO - 2019 — fetching batch 55...
2026-08-23 11:51:48,399 - INFO - 2019 — batch 55 saved (500 records, 27500 total out of 322256)
2026-08-23 11:51:49,405 - INFO - 2019 — fetching batch 56...
2026-08-23 11:52:00,851 - INFO - 2019 — batch 56 saved (500 records, 28000 total out of 321756)
2026-08-23 11:52:01,857 - INFO - 2019 — fetching batch 57...
2026-08-23 11:52:11,860 - INFO - 2019 — batch 57 saved (500 records, 28500 total out of 321256)
2026-08-23 11:52:12,862 - INFO - 2019 — fetching batch 58...
2026-08-23 11:52:22,088 - INFO - 2019 — batch 58 saved (500 records, 29000 total out of 320756)
2026-08-23 11:52:23,094 - INFO - 2019 — fetching batch 59...
2026-08-23 11:52:33,098 - INFO - 2019 — batch 59 saved (500 records, 29500 total out of 320256)
2026-08-23 11:52:34,104 - INFO - 2019 — fetching batch 60...
2026-08-23 11:52:43,921 - INFO - 2019 — batch 60 saved (500 records, 30000 total out of 319756)
2026-08-23 11:52:44,928 - INFO - 2019 — fetching batch 61...
2026-08-23 11:52:55,526 - INFO - 2019 — batch 61 saved (500 records, 30500 total out of 319256)
2026-08-23 11:52:56,533 - INFO - 2019 — fetching batch 62...
2026-08-23 11:53:06,999 - INFO - 2019 — batch 62 saved (500 records, 31000 total out of 318756)
2026-08-23 11:53:08,006 - INFO - 2019 — fetching batch 63...
2026-08-23 11:53:18,567 - INFO - 2019 — batch 63 saved (500 records, 31500 total out of 318256)
2026-08-23 11:53:19,571 - INFO - 2019 — fetching batch 64...
2026-08-23 11:53:29,319 - INFO - 2019 — batch 64 saved (500 records, 32000 total out of 317756)
2026-08-23 11:53:30,326 - INFO - 2019 — fetching batch 65...
2026-08-23 11:53:40,295 - INFO - 2019 — batch 65 saved (500 records, 32500 total out of 317256)
2026-08-23 11:53:41,298 - INFO - 2019 — fetching batch 66...
2026-08-23 11:53:53,079 - INFO - 2019 — batch 66 saved (500 records, 33000 total out of 316756)
2026-08-23 11:53:54,082 - INFO - 2019 — fetching batch 67...
2026-08-23 11:54:05,671 - INFO - 2019 — batch 67 saved (500 records, 33500 total out of 316256)
2026-08-23 11:54:06,675 - INFO - 2019 — fetching batch 68...
2026-08-23 11:54:16,222 - INFO - 2019 — batch 68 saved (500 records, 34000 total out of 315756)
2026-08-23 11:54:17,229 - INFO - 2019 — fetching batch 69...
2026-08-23 11:54:27,725 - INFO - 2019 — batch 69 saved (500 records, 34500 total out of 315256)
2026-08-23 11:54:28,732 - INFO - 2019 — fetching batch 70...
2026-08-23 11:54:40,959 - INFO - 2019 — batch 70 saved (500 records, 35000 total out of 314756)
2026-08-23 11:54:41,962 - INFO - 2019 — fetching batch 71...
2026-08-23 11:54:52,111 - INFO - 2019 — batch 71 saved (500 records, 35500 total out of 314256)
2026-08-23 11:54:53,116 - INFO - 2019 — fetching batch 72...
2026-08-23 11:55:03,341 - INFO - 2019 — batch 72 saved (500 records, 36000 total out of 313756)
2026-08-23 11:55:04,346 - INFO - 2019 — fetching batch 73...
2026-08-23 11:55:14,887 - INFO - 2019 — batch 73 saved (500 records, 36500 total out of 313256)
2026-08-23 11:55:15,895 - INFO - 2019 — fetching batch 74...
2026-08-23 11:55:26,010 - INFO - 2019 — batch 74 saved (500 records, 37000 total out of 312756)
2026-08-23 11:55:27,016 - INFO - 2019 — fetching batch 75...
2026-08-23 11:55:36,452 - INFO - 2019 — batch 75 saved (500 records, 37500 total out of 312256)
2026-08-23 11:55:37,456 - INFO - 2019 — fetching batch 76...
2026-08-23 11:55:48,920 - INFO - 2019 — batch 76 saved (500 records, 38000 total out of 311756)
2026-08-23 11:55:49,927 - INFO - 2019 — fetching batch 77...
2026-08-23 11:56:01,647 - INFO - 2019 — batch 77 saved (500 records, 38500 total out of 311256)
2026-08-23 11:56:02,655 - INFO - 2019 — fetching batch 78...
2026-08-23 11:56:13,371 - INFO - 2019 — batch 78 saved (500 records, 39000 total out of 310756)
2026-08-23 11:56:14,377 - INFO - 2019 — fetching batch 79...
2026-08-23 11:56:24,464 - INFO - 2019 — batch 79 saved (500 records, 39500 total out of 310256)
2026-08-23 11:56:25,470 - INFO - 2019 — fetching batch 80...
2026-08-23 11:56:36,056 - INFO - 2019 — batch 80 saved (500 records, 40000 total out of 309756)
2026-08-23 11:56:37,063 - INFO - 2019 — fetching batch 81...
2026-08-23 11:56:46,776 - INFO - 2019 — batch 81 saved (500 records, 40500 total out of 309256)
2026-08-23 11:56:47,783 - INFO - 2019 — fetching batch 82...
2026-08-23 11:56:59,288 - INFO - 2019 — batch 82 saved (500 records, 41000 total out of 308756)
2026-08-23 11:57:00,291 - INFO - 2019 — fetching batch 83...
2026-08-23 11:57:11,567 - INFO - 2019 — batch 83 saved (500 records, 41500 total out of 308256)
2026-08-23 11:57:12,573 - INFO - 2019 — fetching batch 84...
2026-08-23 11:57:23,100 - INFO - 2019 — batch 84 saved (500 records, 42000 total out of 307756)
2026-08-23 11:57:24,103 - INFO - 2019 — fetching batch 85...
2026-08-23 11:57:34,355 - INFO - 2019 — batch 85 saved (500 records, 42500 total out of 307256)
2026-08-23 11:57:35,357 - INFO - 2019 — fetching batch 86...
2026-08-23 11:57:45,642 - INFO - 2019 — batch 86 saved (500 records, 43000 total out of 306756)
2026-08-23 11:57:46,647 - INFO - 2019 — fetching batch 87...
2026-08-23 11:57:57,833 - INFO - 2019 — batch 87 saved (500 records, 43500 total out of 306256)
2026-08-23 11:57:58,839 - INFO - 2019 — fetching batch 88...
2026-08-23 11:58:09,442 - INFO - 2019 — batch 88 saved (500 records, 44000 total out of 305756)
2026-08-23 11:58:10,446 - INFO - 2019 — fetching batch 89...
2026-08-23 11:58:22,013 - INFO - 2019 — batch 89 saved (500 records, 44500 total out of 305256)
2026-08-23 11:58:23,018 - INFO - 2019 — fetching batch 90...
2026-08-23 11:58:34,071 - INFO - 2019 — batch 90 saved (500 records, 45000 total out of 304756)
2026-08-23 11:58:35,076 - INFO - 2019 — fetching batch 91...
2026-08-23 11:58:46,359 - INFO - 2019 — batch 91 saved (500 records, 45500 total out of 304256)
2026-08-23 11:58:47,363 - INFO - 2019 — fetching batch 92...
2026-08-23 11:58:58,739 - INFO - 2019 — batch 92 saved (500 records, 46000 total out of 303756)
2026-08-23 11:58:59,747 - INFO - 2019 — fetching batch 93...
2026-08-23 11:59:10,286 - INFO - 2019 — batch 93 saved (500 records, 46500 total out of 303256)
2026-08-23 11:59:11,289 - INFO - 2019 — fetching batch 94...
2026-08-23 11:59:22,513 - INFO - 2019 — batch 94 saved (500 records, 47000 total out of 302756)
2026-08-23 11:59:23,519 - INFO - 2019 — fetching batch 95...
2026-08-23 11:59:33,642 - INFO - 2019 — batch 95 saved (500 records, 47500 total out of 302256)
2026-08-23 11:59:34,647 - INFO - 2019 — fetching batch 96...
2026-08-23 11:59:46,083 - INFO - 2019 — batch 96 saved (500 records, 48000 total out of 301756)
2026-08-23 11:59:47,085 - INFO - 2019 — fetching batch 97...
2026-08-23 11:59:57,857 - INFO - 2019 — batch 97 saved (500 records, 48500 total out of 301256)
2026-08-23 11:59:58,863 - INFO - 2019 — fetching batch 98...
2026-08-23 12:00:09,449 - INFO - 2019 — batch 98 saved (500 records, 49000 total out of 300756)
2026-08-23 12:00:10,455 - INFO - 2019 — fetching batch 99...
2026-08-23 12:00:22,199 - INFO - 2019 — batch 99 saved (500 records, 49500 total out of 300256)
2026-08-23 12:00:23,204 - INFO - 2019 — fetching batch 100...
2026-08-23 12:00:33,739 - INFO - 2019 — batch 100 saved (500 records, 50000 total out of 299756)
2026-08-23 12:00:34,746 - INFO - 2019 — fetching batch 101...
2026-08-23 12:00:45,470 - INFO - 2019 — batch 101 saved (500 records, 50500 total out of 299256)
2026-08-23 12:00:46,473 - INFO - 2019 — fetching batch 102...
2026-08-23 12:00:57,269 - INFO - 2019 — batch 102 saved (500 records, 51000 total out of 298756)
2026-08-23 12:00:58,273 - INFO - 2019 — fetching batch 103...
2026-08-23 12:01:07,863 - INFO - 2019 — batch 103 saved (500 records, 51500 total out of 298256)
2026-08-23 12:01:08,869 - INFO - 2019 — fetching batch 104...
2026-08-23 12:01:19,106 - INFO - 2019 — batch 104 saved (500 records, 52000 total out of 297756)
2026-08-23 12:01:20,111 - INFO - 2019 — fetching batch 105...
2026-08-23 12:01:31,601 - INFO - 2019 — batch 105 saved (500 records, 52500 total out of 297256)
2026-08-23 12:01:32,605 - INFO - 2019 — fetching batch 106...
2026-08-23 12:01:43,661 - INFO - 2019 — batch 106 saved (500 records, 53000 total out of 296756)
2026-08-23 12:01:44,669 - INFO - 2019 — fetching batch 107...
2026-08-23 12:01:55,007 - INFO - 2019 — batch 107 saved (500 records, 53500 total out of 296256)
2026-08-23 12:01:56,014 - INFO - 2019 — fetching batch 108...
2026-08-23 12:02:10,760 - INFO - 2019 — batch 108 saved (500 records, 54000 total out of 295756)
2026-08-23 12:02:11,766 - INFO - 2019 — fetching batch 109...
2026-08-23 12:02:22,456 - INFO - 2019 — batch 109 saved (500 records, 54500 total out of 295256)
2026-08-23 12:02:23,462 - INFO - 2019 — fetching batch 110...
2026-08-23 12:02:37,135 - INFO - 2019 — batch 110 saved (500 records, 55000 total out of 294756)
2026-08-23 12:02:38,144 - INFO - 2019 — fetching batch 111...
2026-08-23 12:02:52,191 - INFO - 2019 — batch 111 saved (500 records, 55500 total out of 294256)
2026-08-23 12:02:53,196 - INFO - 2019 — fetching batch 112...
2026-08-23 12:03:04,301 - INFO - 2019 — batch 112 saved (500 records, 56000 total out of 293756)
2026-08-23 12:03:05,308 - INFO - 2019 — fetching batch 113...
2026-08-23 12:03:17,219 - INFO - 2019 — batch 113 saved (500 records, 56500 total out of 293256)
2026-08-23 12:03:18,227 - INFO - 2019 — fetching batch 114...
2026-08-23 12:03:31,663 - INFO - 2019 — batch 114 saved (500 records, 57000 total out of 292756)
2026-08-23 12:03:32,670 - INFO - 2019 — fetching batch 115...
2026-08-23 12:03:44,473 - INFO - 2019 — batch 115 saved (500 records, 57500 total out of 292256)
2026-08-23 12:03:45,479 - INFO - 2019 — fetching batch 116...
2026-08-23 12:03:59,210 - INFO - 2019 — batch 116 saved (500 records, 58000 total out of 291756)
2026-08-23 12:04:00,217 - INFO - 2019 — fetching batch 117...
2026-08-23 12:04:13,367 - INFO - 2019 — batch 117 saved (500 records, 58500 total out of 291256)
2026-08-23 12:04:14,371 - INFO - 2019 — fetching batch 118...
2026-08-23 12:04:25,140 - INFO - 2019 — batch 118 saved (500 records, 59000 total out of 290756)
2026-08-23 12:04:26,143 - INFO - 2019 — fetching batch 119...
2026-08-23 12:04:35,627 - INFO - 2019 — batch 119 saved (500 records, 59500 total out of 290256)
2026-08-23 12:04:36,633 - INFO - 2019 — fetching batch 120...
2026-08-23 12:04:47,683 - INFO - 2019 — batch 120 saved (500 records, 60000 total out of 289756)
2026-08-23 12:04:48,690 - INFO - 2019 — fetching batch 121...
2026-08-23 12:04:59,006 - INFO - 2019 — batch 121 saved (500 records, 60500 total out of 289256)
2026-08-23 12:05:00,018 - INFO - 2019 — fetching batch 122...
2026-08-23 12:05:10,015 - INFO - 2019 — batch 122 saved (500 records, 61000 total out of 288756)
2026-08-23 12:05:11,020 - INFO - 2019 — fetching batch 123...
2026-08-23 12:05:21,080 - INFO - 2019 — batch 123 saved (500 records, 61500 total out of 288256)
2026-08-23 12:05:22,092 - INFO - 2019 — fetching batch 124...
2026-08-23 12:05:33,449 - INFO - 2019 — batch 124 saved (500 records, 62000 total out of 287756)
2026-08-23 12:05:34,458 - INFO - 2019 — fetching batch 125...
2026-08-23 12:05:45,071 - INFO - 2019 — batch 125 saved (500 records, 62500 total out of 287256)
2026-08-23 12:05:46,075 - INFO - 2019 — fetching batch 126...
2026-08-23 12:05:56,688 - INFO - 2019 — batch 126 saved (500 records, 63000 total out of 286756)
2026-08-23 12:05:57,696 - INFO - 2019 — fetching batch 127...
2026-08-23 12:06:19,603 - INFO - 2019 — batch 127 saved (500 records, 63500 total out of 286256)
2026-08-23 12:06:20,614 - INFO - 2019 — fetching batch 128...
2026-08-23 12:06:31,488 - INFO - 2019 — batch 128 saved (500 records, 64000 total out of 285756)
2026-08-23 12:06:32,492 - INFO - 2019 — fetching batch 129...
2026-08-23 12:06:43,968 - INFO - 2019 — batch 129 saved (500 records, 64500 total out of 285256)
2026-08-23 12:06:44,973 - INFO - 2019 — fetching batch 130...
2026-08-23 12:06:55,445 - INFO - 2019 — batch 130 saved (500 records, 65000 total out of 284756)
2026-08-23 12:06:56,456 - INFO - 2019 — fetching batch 131...
2026-08-23 12:07:07,770 - INFO - 2019 — batch 131 saved (500 records, 65500 total out of 284256)
2026-08-23 12:07:08,781 - INFO - 2019 — fetching batch 132...
2026-08-23 12:07:19,922 - INFO - 2019 — batch 132 saved (500 records, 66000 total out of 283756)
2026-08-23 12:07:20,928 - INFO - 2019 — fetching batch 133...
2026-08-23 12:07:31,610 - INFO - 2019 — batch 133 saved (500 records, 66500 total out of 283256)
2026-08-23 12:07:32,617 - INFO - 2019 — fetching batch 134...
2026-08-23 12:07:45,092 - INFO - 2019 — batch 134 saved (500 records, 67000 total out of 282756)
2026-08-23 12:07:46,100 - INFO - 2019 — fetching batch 135...
2026-08-23 12:07:56,418 - INFO - 2019 — batch 135 saved (500 records, 67500 total out of 282256)
2026-08-23 12:07:57,422 - INFO - 2019 — fetching batch 136...
2026-08-23 12:08:09,140 - INFO - 2019 — batch 136 saved (500 records, 68000 total out of 281756)
2026-08-23 12:08:10,150 - INFO - 2019 — fetching batch 137...
2026-08-23 12:08:21,396 - INFO - 2019 — batch 137 saved (500 records, 68500 total out of 281256)
2026-08-23 12:08:22,400 - INFO - 2019 — fetching batch 138...
2026-08-23 12:08:33,125 - INFO - 2019 — batch 138 saved (500 records, 69000 total out of 280756)
2026-08-23 12:08:34,129 - INFO - 2019 — fetching batch 139...
2026-08-23 12:08:49,004 - INFO - 2019 — batch 139 saved (500 records, 69500 total out of 280256)
2026-08-23 12:08:50,014 - INFO - 2019 — fetching batch 140...
2026-08-23 12:09:01,124 - INFO - 2019 — batch 140 saved (500 records, 70000 total out of 279756)
2026-08-23 12:09:02,130 - INFO - 2019 — fetching batch 141...
2026-08-23 12:09:14,726 - INFO - 2019 — batch 141 saved (500 records, 70500 total out of 279256)
2026-08-23 12:09:15,733 - INFO - 2019 — fetching batch 142...
2026-08-23 12:09:25,816 - INFO - 2019 — batch 142 saved (500 records, 71000 total out of 278756)
2026-08-23 12:09:26,821 - INFO - 2019 — fetching batch 143...
2026-08-23 12:09:36,797 - INFO - 2019 — batch 143 saved (500 records, 71500 total out of 278256)
2026-08-23 12:09:37,810 - INFO - 2019 — fetching batch 144...
2026-08-23 12:09:48,341 - INFO - 2019 — batch 144 saved (500 records, 72000 total out of 277756)
2026-08-23 12:09:49,348 - INFO - 2019 — fetching batch 145...
2026-08-23 12:10:00,428 - INFO - 2019 — batch 145 saved (500 records, 72500 total out of 277256)
2026-08-23 12:10:01,438 - INFO - 2019 — fetching batch 146...
2026-08-23 12:10:11,583 - INFO - 2019 — batch 146 saved (500 records, 73000 total out of 276756)
2026-08-23 12:10:12,587 - INFO - 2019 — fetching batch 147...
2026-08-23 12:10:23,453 - INFO - 2019 — batch 147 saved (500 records, 73500 total out of 276256)
2026-08-23 12:10:25,184 - INFO - 2019 — fetching batch 148...
2026-08-23 12:15:53,350 - INFO - Found credentials in environment variables.
2026-08-23 12:15:53,571 - INFO - === Starting extraction for 2018 ===
2026-08-23 12:15:53,571 - INFO - 2018 — resuming from batch 660 (329356 records already saved)
2026-08-23 12:15:53,572 - INFO - 2018 — already complete, skipping
2026-08-23 12:15:53,572 - INFO - === Starting extraction for 2019 ===
2026-08-23 12:15:53,572 - INFO - 2019 — resuming from batch 148 (73500 records already saved)
2026-08-23 12:15:53,572 - INFO - 2019 — fetching batch 148...
2026-08-23 12:15:56,130 - INFO - 2019 — batch 148 saved (500 records, 74000 total out of 275756)
2026-08-23 12:15:57,133 - INFO - 2019 — fetching batch 149...
2026-08-23 12:16:09,029 - INFO - 2019 — batch 149 saved (500 records, 74500 total out of 275256)
2026-08-23 12:16:10,032 - INFO - 2019 — fetching batch 150...
2026-08-23 12:16:20,314 - INFO - 2019 — batch 150 saved (500 records, 75000 total out of 274756)
2026-08-23 12:16:21,317 - INFO - 2019 — fetching batch 151...
2026-08-23 12:16:33,035 - INFO - 2019 — batch 151 saved (500 records, 75500 total out of 274256)
2026-08-23 12:16:34,043 - INFO - 2019 — fetching batch 152...
2026-08-23 12:16:45,825 - INFO - 2019 — batch 152 saved (500 records, 76000 total out of 273756)
2026-08-23 12:16:46,831 - INFO - 2019 — fetching batch 153...
2026-08-23 12:16:57,751 - INFO - 2019 — batch 153 saved (500 records, 76500 total out of 273256)
2026-08-23 12:16:58,758 - INFO - 2019 — fetching batch 154...
2026-08-23 12:17:10,991 - INFO - 2019 — batch 154 saved (500 records, 77000 total out of 272756)
2026-08-23 12:17:11,997 - INFO - 2019 — fetching batch 155...
2026-08-23 12:17:22,065 - INFO - 2019 — batch 155 saved (500 records, 77500 total out of 272256)
2026-08-23 12:17:23,070 - INFO - 2019 — fetching batch 156...
2026-08-23 12:17:33,543 - INFO - 2019 — batch 156 saved (500 records, 78000 total out of 271756)
2026-08-23 12:17:34,547 - INFO - 2019 — fetching batch 157...
2026-08-23 12:17:45,766 - INFO - 2019 — batch 157 saved (500 records, 78500 total out of 271256)
2026-08-23 12:17:46,773 - INFO - 2019 — fetching batch 158...
2026-08-23 12:17:58,493 - INFO - 2019 — batch 158 saved (500 records, 79000 total out of 270756)
2026-08-23 12:17:59,500 - INFO - 2019 — fetching batch 159...
2026-08-23 12:18:10,702 - INFO - 2019 — batch 159 saved (500 records, 79500 total out of 270256)
2026-08-23 12:18:11,709 - INFO - 2019 — fetching batch 160...
2026-08-23 12:18:22,607 - INFO - 2019 — batch 160 saved (500 records, 80000 total out of 269756)
2026-08-23 12:18:23,612 - INFO - 2019 — fetching batch 161...
2026-08-23 12:18:34,966 - INFO - 2019 — batch 161 saved (500 records, 80500 total out of 269256)
2026-08-23 12:18:35,968 - INFO - 2019 — fetching batch 162...
2026-08-23 12:18:50,043 - INFO - 2019 — batch 162 saved (500 records, 81000 total out of 268756)
2026-08-23 12:18:51,049 - INFO - 2019 — fetching batch 163...
2026-08-23 12:19:02,450 - INFO - 2019 — batch 163 saved (500 records, 81500 total out of 268256)
2026-08-23 12:19:03,453 - INFO - 2019 — fetching batch 164...
2026-08-23 12:19:16,604 - INFO - 2019 — batch 164 saved (500 records, 82000 total out of 267756)
2026-08-23 12:19:17,611 - INFO - 2019 — fetching batch 165...
2026-08-23 12:19:29,934 - INFO - 2019 — batch 165 saved (500 records, 82500 total out of 267256)
2026-08-23 12:19:30,937 - INFO - 2019 — fetching batch 166...
2026-08-23 12:19:52,529 - INFO - 2019 — batch 166 saved (500 records, 83000 total out of 266756)
2026-08-23 12:19:53,535 - INFO - 2019 — fetching batch 167...
2026-08-23 12:20:04,575 - INFO - 2019 — batch 167 saved (500 records, 83500 total out of 266256)
2026-08-23 12:20:05,579 - INFO - 2019 — fetching batch 168...
2026-08-23 12:20:18,252 - INFO - 2019 — batch 168 saved (500 records, 84000 total out of 265756)
2026-08-23 12:20:19,260 - INFO - 2019 — fetching batch 169...
2026-08-23 12:20:30,818 - INFO - 2019 — batch 169 saved (500 records, 84500 total out of 265256)
2026-08-23 12:20:31,824 - INFO - 2019 — fetching batch 170...
2026-08-23 12:20:41,850 - INFO - 2019 — batch 170 saved (500 records, 85000 total out of 264756)
2026-08-23 12:20:42,855 - INFO - 2019 — fetching batch 171...
2026-08-23 12:20:56,961 - INFO - 2019 — batch 171 saved (500 records, 85500 total out of 264256)
2026-08-23 12:20:57,968 - INFO - 2019 — fetching batch 172...
2026-08-23 12:21:09,602 - INFO - 2019 — batch 172 saved (500 records, 86000 total out of 263756)
2026-08-23 12:21:10,610 - INFO - 2019 — fetching batch 173...
2026-08-23 12:21:22,302 - INFO - 2019 — batch 173 saved (500 records, 86500 total out of 263256)
2026-08-23 12:21:23,307 - INFO - 2019 — fetching batch 174...
2026-08-23 12:21:37,931 - INFO - 2019 — batch 174 saved (500 records, 87000 total out of 262756)
2026-08-23 12:21:38,941 - INFO - 2019 — fetching batch 175...
2026-08-23 12:21:49,056 - INFO - 2019 — batch 175 saved (500 records, 87500 total out of 262256)
2026-08-23 12:21:50,062 - INFO - 2019 — fetching batch 176...
2026-08-23 12:22:00,965 - INFO - 2019 — batch 176 saved (500 records, 88000 total out of 261756)
2026-08-23 12:22:01,973 - INFO - 2019 — fetching batch 177...
2026-08-23 12:22:12,383 - INFO - 2019 — batch 177 saved (500 records, 88500 total out of 261256)
2026-08-23 12:22:13,391 - INFO - 2019 — fetching batch 178...
2026-08-23 12:22:23,353 - INFO - 2019 — batch 178 saved (500 records, 89000 total out of 260756)
2026-08-23 12:22:24,360 - INFO - 2019 — fetching batch 179...
2026-08-23 12:22:34,679 - INFO - 2019 — batch 179 saved (500 records, 89500 total out of 260256)
2026-08-23 12:22:35,683 - INFO - 2019 — fetching batch 180...
2026-08-23 12:22:46,043 - INFO - 2019 — batch 180 saved (500 records, 90000 total out of 259756)
2026-08-23 12:22:47,051 - INFO - 2019 — fetching batch 181...
2026-08-23 12:22:57,855 - INFO - 2019 — batch 181 saved (500 records, 90500 total out of 259256)
2026-08-23 12:22:58,859 - INFO - 2019 — fetching batch 182...
2026-08-23 12:23:08,869 - INFO - 2019 — batch 182 saved (500 records, 91000 total out of 258756)
2026-08-23 12:23:09,876 - INFO - 2019 — fetching batch 183...
2026-08-23 12:23:20,113 - INFO - 2019 — batch 183 saved (500 records, 91500 total out of 258256)
2026-08-23 12:23:21,116 - INFO - 2019 — fetching batch 184...
2026-08-23 12:23:31,262 - INFO - 2019 — batch 184 saved (500 records, 92000 total out of 257756)
2026-08-23 12:23:32,270 - INFO - 2019 — fetching batch 185...
2026-08-23 12:23:42,852 - INFO - 2019 — batch 185 saved (500 records, 92500 total out of 257256)
2026-08-23 12:23:43,858 - INFO - 2019 — fetching batch 186...
2026-08-23 12:23:53,192 - INFO - 2019 — batch 186 saved (500 records, 93000 total out of 256756)
2026-08-23 12:23:54,200 - INFO - 2019 — fetching batch 187...
2026-08-23 12:24:03,914 - INFO - 2019 — batch 187 saved (500 records, 93500 total out of 256256)
2026-08-23 12:24:04,922 - INFO - 2019 — fetching batch 188...
2026-08-23 12:24:17,443 - INFO - 2019 — batch 188 saved (500 records, 94000 total out of 255756)
2026-08-23 12:24:18,446 - INFO - 2019 — fetching batch 189...
2026-08-23 12:24:28,327 - INFO - 2019 — batch 189 saved (500 records, 94500 total out of 255256)
2026-08-23 12:24:29,333 - INFO - 2019 — fetching batch 190...
2026-08-23 12:24:39,779 - INFO - 2019 — batch 190 saved (500 records, 95000 total out of 254756)
2026-08-23 12:24:40,787 - INFO - 2019 — fetching batch 191...
2026-08-23 12:24:51,863 - INFO - 2019 — batch 191 saved (500 records, 95500 total out of 254256)
2026-08-23 12:24:52,867 - INFO - 2019 — fetching batch 192...
2026-08-23 12:25:02,990 - INFO - 2019 — batch 192 saved (500 records, 96000 total out of 253756)
2026-08-23 12:25:03,993 - INFO - 2019 — fetching batch 193...
2026-08-23 12:25:24,129 - INFO - 2019 — batch 193 saved (500 records, 96500 total out of 253256)
2026-08-23 12:25:25,078 - INFO - 2019 — fetching batch 194...
2026-08-23 12:25:35,811 - INFO - 2019 — batch 194 saved (500 records, 97000 total out of 252756)
2026-08-23 12:25:36,814 - INFO - 2019 — fetching batch 195...
2026-08-23 12:25:46,395 - INFO - 2019 — batch 195 saved (500 records, 97500 total out of 252256)
2026-08-23 12:25:47,401 - INFO - 2019 — fetching batch 196...
2026-08-23 12:25:56,974 - INFO - 2019 — batch 196 saved (500 records, 98000 total out of 251756)
2026-08-23 12:25:57,980 - INFO - 2019 — fetching batch 197...
2026-08-23 12:26:10,348 - INFO - 2019 — batch 197 saved (500 records, 98500 total out of 251256)
2026-08-23 12:26:11,354 - INFO - 2019 — fetching batch 198...
2026-08-23 12:26:26,821 - INFO - 2019 — batch 198 saved (500 records, 99000 total out of 250756)
2026-08-23 12:26:27,829 - INFO - 2019 — fetching batch 199...
2026-08-23 12:26:39,277 - INFO - 2019 — batch 199 saved (500 records, 99500 total out of 250256)
2026-08-23 12:26:40,284 - INFO - 2019 — fetching batch 200...
2026-08-23 12:26:58,137 - INFO - 2019 — batch 200 saved (500 records, 100000 total out of 249756)
2026-08-23 12:26:59,143 - INFO - 2019 — fetching batch 201...
2026-08-23 12:27:10,744 - INFO - 2019 — batch 201 saved (500 records, 100500 total out of 249256)
2026-08-23 12:27:11,747 - INFO - 2019 — fetching batch 202...
2026-08-23 12:27:23,393 - INFO - 2019 — batch 202 saved (500 records, 101000 total out of 248756)
2026-08-23 12:27:24,400 - INFO - 2019 — fetching batch 203...
2026-08-23 12:27:35,874 - INFO - 2019 — batch 203 saved (500 records, 101500 total out of 248256)
2026-08-23 12:27:36,877 - INFO - 2019 — fetching batch 204...
2026-08-23 12:27:47,821 - INFO - 2019 — batch 204 saved (500 records, 102000 total out of 247756)
2026-08-23 12:27:48,824 - INFO - 2019 — fetching batch 205...
2026-08-23 12:27:58,543 - INFO - 2019 — batch 205 saved (500 records, 102500 total out of 247256)
2026-08-23 12:27:59,550 - INFO - 2019 — fetching batch 206...
2026-08-23 12:28:10,517 - INFO - 2019 — batch 206 saved (500 records, 103000 total out of 246756)
2026-08-23 12:28:11,525 - INFO - 2019 — fetching batch 207...
2026-08-23 12:28:23,094 - INFO - 2019 — batch 207 saved (500 records, 103500 total out of 246256)
2026-08-23 12:28:24,103 - INFO - 2019 — fetching batch 208...
2026-08-23 12:28:34,745 - INFO - 2019 — batch 208 saved (500 records, 104000 total out of 245756)
2026-08-23 12:28:35,749 - INFO - 2019 — fetching batch 209...
2026-08-23 12:28:45,160 - INFO - 2019 — batch 209 saved (500 records, 104500 total out of 245256)
2026-08-23 12:28:46,163 - INFO - 2019 — fetching batch 210...
2026-08-23 12:28:56,945 - INFO - 2019 — batch 210 saved (500 records, 105000 total out of 244756)
2026-08-23 12:28:57,950 - INFO - 2019 — fetching batch 211...
2026-08-23 12:29:09,353 - INFO - 2019 — batch 211 saved (500 records, 105500 total out of 244256)
2026-08-23 12:29:10,357 - INFO - 2019 — fetching batch 212...
2026-08-23 12:29:20,014 - INFO - 2019 — batch 212 saved (500 records, 106000 total out of 243756)
2026-08-23 12:29:21,017 - INFO - 2019 — fetching batch 213...
2026-08-23 12:29:30,401 - INFO - 2019 — batch 213 saved (500 records, 106500 total out of 243256)
2026-08-23 12:29:31,407 - INFO - 2019 — fetching batch 214...
2026-08-23 12:29:41,323 - INFO - 2019 — batch 214 saved (500 records, 107000 total out of 242756)
2026-08-23 12:29:42,339 - INFO - 2019 — fetching batch 215...
2026-08-23 12:29:52,929 - INFO - 2019 — batch 215 saved (500 records, 107500 total out of 242256)
2026-08-23 12:29:53,935 - INFO - 2019 — fetching batch 216...
2026-08-23 12:30:07,529 - INFO - 2019 — batch 216 saved (500 records, 108000 total out of 241756)
2026-08-23 12:30:08,536 - INFO - 2019 — fetching batch 217...
2026-08-23 12:30:17,834 - INFO - 2019 — batch 217 saved (500 records, 108500 total out of 241256)
2026-08-23 12:30:18,850 - INFO - 2019 — fetching batch 218...
2026-08-23 12:30:29,063 - INFO - 2019 — batch 218 saved (500 records, 109000 total out of 240756)
2026-08-23 12:30:30,066 - INFO - 2019 — fetching batch 219...
2026-08-23 12:30:39,713 - INFO - 2019 — batch 219 saved (500 records, 109500 total out of 240256)
2026-08-23 12:30:40,719 - INFO - 2019 — fetching batch 220...
2026-08-23 12:30:51,387 - INFO - 2019 — batch 220 saved (500 records, 110000 total out of 239756)
2026-08-23 12:30:52,394 - INFO - 2019 — fetching batch 221...
2026-08-23 12:31:02,345 - INFO - 2019 — batch 221 saved (500 records, 110500 total out of 239256)
2026-08-23 12:31:03,349 - INFO - 2019 — fetching batch 222...
2026-08-23 12:31:13,618 - INFO - 2019 — batch 222 saved (500 records, 111000 total out of 238756)
2026-08-23 12:31:14,621 - INFO - 2019 — fetching batch 223...
2026-08-23 12:31:25,137 - INFO - 2019 — batch 223 saved (500 records, 111500 total out of 238256)
2026-08-23 12:31:26,150 - INFO - 2019 — fetching batch 224...
2026-08-23 12:31:37,043 - INFO - 2019 — batch 224 saved (500 records, 112000 total out of 237756)
2026-08-23 12:31:38,047 - INFO - 2019 — fetching batch 225...
2026-08-23 12:31:48,384 - INFO - 2019 — batch 225 saved (500 records, 112500 total out of 237256)
2026-08-23 12:31:49,391 - INFO - 2019 — fetching batch 226...
2026-08-23 12:32:01,489 - INFO - 2019 — batch 226 saved (500 records, 113000 total out of 236756)
2026-08-23 12:32:02,492 - INFO - 2019 — fetching batch 227...
2026-08-23 12:32:12,103 - INFO - 2019 — batch 227 saved (500 records, 113500 total out of 236256)
2026-08-23 12:32:13,110 - INFO - 2019 — fetching batch 228...
2026-08-23 12:32:22,986 - INFO - 2019 — batch 228 saved (500 records, 114000 total out of 235756)
2026-08-23 12:32:23,994 - INFO - 2019 — fetching batch 229...
2026-08-23 12:32:35,039 - INFO - 2019 — batch 229 saved (500 records, 114500 total out of 235256)
2026-08-23 12:32:36,047 - INFO - 2019 — fetching batch 230...
2026-08-23 12:32:47,622 - INFO - 2019 — batch 230 saved (500 records, 115000 total out of 234756)
2026-08-23 12:32:48,629 - INFO - 2019 — fetching batch 231...
2026-08-23 12:32:58,363 - INFO - 2019 — batch 231 saved (500 records, 115500 total out of 234256)
2026-08-23 12:32:59,365 - INFO - 2019 — fetching batch 232...
2026-08-23 12:33:09,900 - INFO - 2019 — batch 232 saved (500 records, 116000 total out of 233756)
2026-08-23 12:33:10,904 - INFO - 2019 — fetching batch 233...
2026-08-23 12:33:20,543 - INFO - 2019 — batch 233 saved (500 records, 116500 total out of 233256)
2026-08-23 12:33:21,548 - INFO - 2019 — fetching batch 234...
2026-08-23 12:33:31,862 - INFO - 2019 — batch 234 saved (500 records, 117000 total out of 232756)
2026-08-23 12:33:32,868 - INFO - 2019 — fetching batch 235...
2026-08-23 12:33:43,432 - INFO - 2019 — batch 235 saved (500 records, 117500 total out of 232256)
2026-08-23 12:33:44,437 - INFO - 2019 — fetching batch 236...
2026-08-23 12:33:54,455 - INFO - 2019 — batch 236 saved (500 records, 118000 total out of 231756)
2026-08-23 12:33:55,462 - INFO - 2019 — fetching batch 237...
2026-08-23 12:34:05,039 - INFO - 2019 — batch 237 saved (500 records, 118500 total out of 231256)
2026-08-23 12:34:06,053 - INFO - 2019 — fetching batch 238...
2026-08-23 12:34:15,704 - INFO - 2019 — batch 238 saved (500 records, 119000 total out of 230756)
2026-08-23 12:34:16,708 - INFO - 2019 — fetching batch 239...
2026-08-23 12:34:28,170 - INFO - 2019 — batch 239 saved (500 records, 119500 total out of 230256)
2026-08-23 12:34:29,180 - INFO - 2019 — fetching batch 240...
2026-08-23 12:34:39,291 - INFO - 2019 — batch 240 saved (500 records, 120000 total out of 229756)
2026-08-23 12:34:40,296 - INFO - 2019 — fetching batch 241...
2026-08-23 12:34:50,554 - INFO - 2019 — batch 241 saved (500 records, 120500 total out of 229256)
2026-08-23 12:34:51,556 - INFO - 2019 — fetching batch 242...
2026-08-23 12:35:01,858 - INFO - 2019 — batch 242 saved (500 records, 121000 total out of 228756)
2026-08-23 12:35:03,274 - INFO - 2019 — fetching batch 243...
2026-08-23 12:35:13,172 - INFO - 2019 — batch 243 saved (500 records, 121500 total out of 228256)
2026-08-23 12:35:14,178 - INFO - 2019 — fetching batch 244...
2026-08-23 12:35:24,776 - INFO - 2019 — batch 244 saved (500 records, 122000 total out of 227756)
2026-08-23 12:35:25,779 - INFO - 2019 — fetching batch 245...
2026-08-23 12:35:35,520 - INFO - 2019 — batch 245 saved (500 records, 122500 total out of 227256)
2026-08-23 12:35:36,522 - INFO - 2019 — fetching batch 246...
2026-08-23 12:35:46,607 - INFO - 2019 — batch 246 saved (500 records, 123000 total out of 226756)
2026-08-23 12:35:47,611 - INFO - 2019 — fetching batch 247...
2026-08-23 12:35:57,720 - INFO - 2019 — batch 247 saved (500 records, 123500 total out of 226256)
2026-08-23 12:35:58,727 - INFO - 2019 — fetching batch 248...
2026-08-23 12:36:10,661 - INFO - 2019 — batch 248 saved (500 records, 124000 total out of 225756)
2026-08-23 12:36:11,668 - INFO - 2019 — fetching batch 249...
2026-08-23 12:36:21,850 - INFO - 2019 — batch 249 saved (500 records, 124500 total out of 225256)
2026-08-23 12:36:22,858 - INFO - 2019 — fetching batch 250...
2026-08-23 12:36:33,328 - INFO - 2019 — batch 250 saved (500 records, 125000 total out of 224756)
2026-08-23 12:36:34,331 - INFO - 2019 — fetching batch 251...
2026-08-23 12:36:44,876 - INFO - 2019 — batch 251 saved (500 records, 125500 total out of 224256)
2026-08-23 12:36:45,884 - INFO - 2019 — fetching batch 252...
2026-08-23 12:36:59,136 - INFO - 2019 — batch 252 saved (500 records, 126000 total out of 223756)
2026-08-23 12:37:00,139 - INFO - 2019 — fetching batch 253...
2026-08-23 12:37:11,172 - INFO - 2019 — batch 253 saved (500 records, 126500 total out of 223256)
2026-08-23 12:37:12,176 - INFO - 2019 — fetching batch 254...
2026-08-23 12:37:21,818 - INFO - 2019 — batch 254 saved (500 records, 127000 total out of 222756)
2026-08-23 12:37:22,827 - INFO - 2019 — fetching batch 255...
2026-08-23 12:37:32,829 - INFO - 2019 — batch 255 saved (500 records, 127500 total out of 222256)
2026-08-23 12:37:33,835 - INFO - 2019 — fetching batch 256...
2026-08-23 12:37:44,468 - INFO - 2019 — batch 256 saved (500 records, 128000 total out of 221756)
2026-08-23 12:37:45,475 - INFO - 2019 — fetching batch 257...
2026-08-23 12:37:58,287 - INFO - 2019 — batch 257 saved (500 records, 128500 total out of 221256)
2026-08-23 12:37:59,294 - INFO - 2019 — fetching batch 258...
2026-08-23 12:38:09,253 - INFO - 2019 — batch 258 saved (500 records, 129000 total out of 220756)
2026-08-23 12:38:10,261 - INFO - 2019 — fetching batch 259...
2026-08-23 12:38:20,538 - INFO - 2019 — batch 259 saved (500 records, 129500 total out of 220256)
2026-08-23 12:38:21,540 - INFO - 2019 — fetching batch 260...
2026-08-23 12:38:31,698 - INFO - 2019 — batch 260 saved (500 records, 130000 total out of 219756)
2026-08-23 12:38:32,705 - INFO - 2019 — fetching batch 261...
2026-08-23 12:38:44,481 - INFO - 2019 — batch 261 saved (500 records, 130500 total out of 219256)
2026-08-23 12:38:45,489 - INFO - 2019 — fetching batch 262...
2026-08-23 12:38:55,178 - INFO - 2019 — batch 262 saved (500 records, 131000 total out of 218756)
2026-08-23 12:38:56,183 - INFO - 2019 — fetching batch 263...
2026-08-23 12:39:09,511 - INFO - 2019 — batch 263 saved (500 records, 131500 total out of 218256)
2026-08-23 12:39:10,517 - INFO - 2019 — fetching batch 264...
2026-08-23 12:39:21,356 - INFO - 2019 — batch 264 saved (500 records, 132000 total out of 217756)
2026-08-23 12:39:22,363 - INFO - 2019 — fetching batch 265...
2026-08-23 12:39:32,142 - INFO - 2019 — batch 265 saved (500 records, 132500 total out of 217256)
2026-08-23 12:39:33,148 - INFO - 2019 — fetching batch 266...
2026-08-23 12:39:42,329 - INFO - 2019 — batch 266 saved (500 records, 133000 total out of 216756)
2026-08-23 12:39:43,336 - INFO - 2019 — fetching batch 267...
2026-08-23 12:39:53,333 - INFO - 2019 — batch 267 saved (500 records, 133500 total out of 216256)
2026-08-23 12:39:54,340 - INFO - 2019 — fetching batch 268...
2026-08-23 12:40:05,019 - INFO - 2019 — batch 268 saved (500 records, 134000 total out of 215756)
2026-08-23 12:40:06,024 - INFO - 2019 — fetching batch 269...
2026-08-23 12:40:15,600 - INFO - 2019 — batch 269 saved (500 records, 134500 total out of 215256)
2026-08-23 12:40:16,603 - INFO - 2019 — fetching batch 270...
2026-08-23 12:40:26,761 - INFO - 2019 — batch 270 saved (500 records, 135000 total out of 214756)
2026-08-23 12:40:27,766 - INFO - 2019 — fetching batch 271...
2026-08-23 12:40:37,466 - INFO - 2019 — batch 271 saved (500 records, 135500 total out of 214256)
2026-08-23 12:40:38,474 - INFO - 2019 — fetching batch 272...
2026-08-23 12:40:48,747 - INFO - 2019 — batch 272 saved (500 records, 136000 total out of 213756)
2026-08-23 12:40:49,755 - INFO - 2019 — fetching batch 273...
2026-08-23 12:40:59,573 - INFO - 2019 — batch 273 saved (500 records, 136500 total out of 213256)
2026-08-23 12:41:00,577 - INFO - 2019 — fetching batch 274...
2026-08-23 12:41:09,674 - INFO - 2019 — batch 274 saved (500 records, 137000 total out of 212756)
2026-08-23 12:41:10,677 - INFO - 2019 — fetching batch 275...
2026-08-23 12:41:21,318 - INFO - 2019 — batch 275 saved (500 records, 137500 total out of 212256)
2026-08-23 12:41:22,321 - INFO - 2019 — fetching batch 276...
2026-08-23 12:41:32,603 - INFO - 2019 — batch 276 saved (500 records, 138000 total out of 211756)
2026-08-23 12:41:33,610 - INFO - 2019 — fetching batch 277...
2026-08-23 12:41:42,833 - INFO - 2019 — batch 277 saved (500 records, 138500 total out of 211256)
2026-08-23 12:41:43,837 - INFO - 2019 — fetching batch 278...
2026-08-23 12:41:54,288 - INFO - 2019 — batch 278 saved (500 records, 139000 total out of 210756)
2026-08-23 12:41:55,294 - INFO - 2019 — fetching batch 279...
2026-08-23 12:42:05,291 - INFO - 2019 — batch 279 saved (500 records, 139500 total out of 210256)
2026-08-23 12:42:06,295 - INFO - 2019 — fetching batch 280...
2026-08-23 12:42:17,292 - INFO - 2019 — batch 280 saved (500 records, 140000 total out of 209756)
2026-08-23 12:42:18,294 - INFO - 2019 — fetching batch 281...
2026-08-23 12:42:29,258 - INFO - 2019 — batch 281 saved (500 records, 140500 total out of 209256)
2026-08-23 12:42:30,263 - INFO - 2019 — fetching batch 282...
2026-08-23 12:42:40,069 - INFO - 2019 — batch 282 saved (500 records, 141000 total out of 208756)
2026-08-23 12:42:41,072 - INFO - 2019 — fetching batch 283...
2026-08-23 12:42:50,555 - INFO - 2019 — batch 283 saved (500 records, 141500 total out of 208256)
2026-08-23 12:42:51,560 - INFO - 2019 — fetching batch 284...
2026-08-23 12:43:02,612 - INFO - 2019 — batch 284 saved (500 records, 142000 total out of 207756)
2026-08-23 12:43:03,615 - INFO - 2019 — fetching batch 285...
2026-08-23 12:43:13,991 - INFO - 2019 — batch 285 saved (500 records, 142500 total out of 207256)
2026-08-23 12:43:14,999 - INFO - 2019 — fetching batch 286...
2026-08-23 12:43:34,442 - INFO - 2019 — batch 286 saved (500 records, 143000 total out of 206756)
2026-08-23 12:43:35,449 - INFO - 2019 — fetching batch 287...
2026-08-23 12:43:44,968 - INFO - 2019 — batch 287 saved (500 records, 143500 total out of 206256)
2026-08-23 12:43:45,971 - INFO - 2019 — fetching batch 288...
2026-08-23 12:43:55,906 - INFO - 2019 — batch 288 saved (500 records, 144000 total out of 205756)
2026-08-23 12:43:56,913 - INFO - 2019 — fetching batch 289...
2026-08-23 12:44:07,183 - INFO - 2019 — batch 289 saved (500 records, 144500 total out of 205256)
2026-08-23 12:44:08,186 - INFO - 2019 — fetching batch 290...
2026-08-23 12:44:18,476 - INFO - 2019 — batch 290 saved (500 records, 145000 total out of 204756)
2026-08-23 12:44:19,484 - INFO - 2019 — fetching batch 291...
2026-08-23 12:44:35,681 - INFO - 2019 — batch 291 saved (500 records, 145500 total out of 204256)
2026-08-23 12:44:36,686 - INFO - 2019 — fetching batch 292...
2026-08-23 12:44:48,512 - INFO - 2019 — batch 292 saved (500 records, 146000 total out of 203756)
2026-08-23 12:44:49,518 - INFO - 2019 — fetching batch 293...
2026-08-23 12:44:59,307 - INFO - 2019 — batch 293 saved (500 records, 146500 total out of 203256)
2026-08-23 12:45:00,318 - INFO - 2019 — fetching batch 294...
2026-08-23 12:45:09,896 - INFO - 2019 — batch 294 saved (500 records, 147000 total out of 202756)
2026-08-23 12:45:10,903 - INFO - 2019 — fetching batch 295...
2026-08-23 12:45:20,254 - INFO - 2019 — batch 295 saved (500 records, 147500 total out of 202256)
2026-08-23 12:45:21,263 - INFO - 2019 — fetching batch 296...
2026-08-23 12:45:31,227 - INFO - 2019 — batch 296 saved (500 records, 148000 total out of 201756)
2026-08-23 12:45:32,234 - INFO - 2019 — fetching batch 297...
2026-08-23 12:45:41,715 - INFO - 2019 — batch 297 saved (500 records, 148500 total out of 201256)
2026-08-23 12:45:42,724 - INFO - 2019 — fetching batch 298...
2026-08-23 12:45:53,886 - INFO - 2019 — batch 298 saved (500 records, 149000 total out of 200756)
2026-08-23 12:45:54,898 - INFO - 2019 — fetching batch 299...
2026-08-23 12:46:04,758 - INFO - 2019 — batch 299 saved (500 records, 149500 total out of 200256)
2026-08-23 12:46:05,767 - INFO - 2019 — fetching batch 300...
2026-08-23 12:46:15,903 - INFO - 2019 — batch 300 saved (500 records, 150000 total out of 199756)
2026-08-23 12:46:16,910 - INFO - 2019 — fetching batch 301...
2026-08-23 12:46:26,338 - INFO - 2019 — batch 301 saved (500 records, 150500 total out of 199256)
2026-08-23 12:46:27,341 - INFO - 2019 — fetching batch 302...
2026-08-23 12:46:36,687 - INFO - 2019 — batch 302 saved (500 records, 151000 total out of 198756)
2026-08-23 12:46:37,690 - INFO - 2019 — fetching batch 303...
2026-08-23 12:46:49,122 - INFO - 2019 — batch 303 saved (500 records, 151500 total out of 198256)
2026-08-23 12:46:50,128 - INFO - 2019 — fetching batch 304...
2026-08-23 12:47:00,004 - INFO - 2019 — batch 304 saved (500 records, 152000 total out of 197756)
2026-08-23 12:47:01,018 - INFO - 2019 — fetching batch 305...
2026-08-23 12:47:11,284 - INFO - 2019 — batch 305 saved (500 records, 152500 total out of 197256)
2026-08-23 12:47:12,289 - INFO - 2019 — fetching batch 306...
2026-08-23 12:47:22,340 - INFO - 2019 — batch 306 saved (500 records, 153000 total out of 196756)
2026-08-23 12:47:23,356 - INFO - 2019 — fetching batch 307...
2026-08-23 12:47:33,857 - INFO - 2019 — batch 307 saved (500 records, 153500 total out of 196256)
2026-08-23 12:47:34,869 - INFO - 2019 — fetching batch 308...
2026-08-23 12:47:47,442 - INFO - 2019 — batch 308 saved (500 records, 154000 total out of 195756)
2026-08-23 12:47:48,445 - INFO - 2019 — fetching batch 309...
2026-08-23 12:47:59,348 - INFO - 2019 — batch 309 saved (500 records, 154500 total out of 195256)
2026-08-23 12:48:00,359 - INFO - 2019 — fetching batch 310...
2026-08-23 12:48:09,513 - INFO - 2019 — batch 310 saved (500 records, 155000 total out of 194756)
2026-08-23 12:48:10,525 - INFO - 2019 — fetching batch 311...
2026-08-23 12:48:20,608 - INFO - 2019 — batch 311 saved (500 records, 155500 total out of 194256)
2026-08-23 12:48:21,621 - INFO - 2019 — fetching batch 312...
2026-08-23 12:48:32,900 - INFO - 2019 — batch 312 saved (500 records, 156000 total out of 193756)
2026-08-23 12:48:33,912 - INFO - 2019 — fetching batch 313...
2026-08-23 12:48:43,656 - INFO - 2019 — batch 313 saved (500 records, 156500 total out of 193256)
2026-08-23 12:48:44,659 - INFO - 2019 — fetching batch 314...
2026-08-23 12:48:54,045 - INFO - 2019 — batch 314 saved (500 records, 157000 total out of 192756)
2026-08-23 12:48:55,051 - INFO - 2019 — fetching batch 315...
2026-08-23 12:49:06,117 - INFO - 2019 — batch 315 saved (500 records, 157500 total out of 192256)
2026-08-23 12:49:07,125 - INFO - 2019 — fetching batch 316...
2026-08-23 12:49:17,191 - INFO - 2019 — batch 316 saved (500 records, 158000 total out of 191756)
2026-08-23 12:49:18,216 - INFO - 2019 — fetching batch 317...
2026-08-23 12:49:28,182 - INFO - 2019 — batch 317 saved (500 records, 158500 total out of 191256)
2026-08-23 12:49:29,193 - INFO - 2019 — fetching batch 318...
2026-08-23 12:49:40,256 - INFO - 2019 — batch 318 saved (500 records, 159000 total out of 190756)
2026-08-23 12:49:41,262 - INFO - 2019 — fetching batch 319...
2026-08-23 12:49:59,571 - INFO - 2019 — batch 319 saved (500 records, 159500 total out of 190256)
2026-08-23 12:50:00,585 - INFO - 2019 — fetching batch 320...
2026-08-23 12:51:17,351 - INFO - 2019 — batch 320 saved (500 records, 160000 total out of 189756)
2026-08-23 12:51:18,359 - INFO - 2019 — fetching batch 321...
2026-08-23 19:01:31,947 - INFO - Found credentials in environment variables.
2026-08-23 19:01:32,259 - INFO - === Starting extraction for 2018 ===
2026-08-23 19:01:32,259 - INFO - 2018 — resuming from batch 660 (329356 records already saved)
2026-08-23 19:01:32,259 - INFO - 2018 — already complete, skipping
2026-08-23 19:01:32,259 - INFO - === Starting extraction for 2019 ===
2026-08-23 19:01:32,259 - INFO - 2019 — resuming from batch 321 (160000 records already saved)
2026-08-23 19:01:32,259 - INFO - 2019 — fetching batch 321...
2026-08-23 19:01:45,223 - INFO - 2019 — batch 321 saved (500 records, 160500 total out of 189256)
2026-08-23 19:01:46,234 - INFO - 2019 — fetching batch 322...
2026-08-23 19:01:56,406 - INFO - 2019 — batch 322 saved (500 records, 161000 total out of 188756)
2026-08-23 19:01:57,413 - INFO - 2019 — fetching batch 323...
2026-08-23 19:02:08,988 - INFO - 2019 — batch 323 saved (500 records, 161500 total out of 188256)
2026-08-23 19:02:09,994 - INFO - 2019 — fetching batch 324...
2026-08-23 19:02:21,573 - INFO - 2019 — batch 324 saved (500 records, 162000 total out of 187756)
2026-08-23 19:02:22,579 - INFO - 2019 — fetching batch 325...
2026-08-23 19:02:32,876 - INFO - 2019 — batch 325 saved (500 records, 162500 total out of 187256)
2026-08-23 19:02:33,880 - INFO - 2019 — fetching batch 326...
2026-08-23 19:02:43,925 - INFO - 2019 — batch 326 saved (500 records, 163000 total out of 186756)
2026-08-23 19:02:44,930 - INFO - 2019 — fetching batch 327...
2026-08-23 19:02:54,749 - INFO - 2019 — batch 327 saved (500 records, 163500 total out of 186256)
2026-08-23 19:02:55,755 - INFO - 2019 — fetching batch 328...
2026-08-23 19:03:05,902 - INFO - 2019 — batch 328 saved (500 records, 164000 total out of 185756)
2026-08-23 19:03:06,907 - INFO - 2019 — fetching batch 329...
2026-08-23 19:03:16,855 - INFO - 2019 — batch 329 saved (500 records, 164500 total out of 185256)
2026-08-23 19:03:17,860 - INFO - 2019 — fetching batch 330...
2026-08-23 19:03:27,763 - INFO - 2019 — batch 330 saved (500 records, 165000 total out of 184756)
2026-08-23 19:03:28,770 - INFO - 2019 — fetching batch 331...
2026-08-23 19:03:38,643 - INFO - 2019 — batch 331 saved (500 records, 165500 total out of 184256)
2026-08-23 19:03:39,651 - INFO - 2019 — fetching batch 332...
2026-08-23 19:03:55,187 - INFO - 2019 — batch 332 saved (500 records, 166000 total out of 183756)
2026-08-23 19:03:56,214 - INFO - 2019 — fetching batch 333...
2026-08-23 19:04:07,781 - INFO - 2019 — batch 333 saved (500 records, 166500 total out of 183256)
2026-08-23 19:04:08,786 - INFO - 2019 — fetching batch 334...
2026-08-23 19:04:19,015 - INFO - 2019 — batch 334 saved (500 records, 167000 total out of 182756)
2026-08-23 19:04:20,020 - INFO - 2019 — fetching batch 335...
2026-08-23 19:04:29,248 - INFO - 2019 — batch 335 saved (500 records, 167500 total out of 182256)
2026-08-23 19:04:30,255 - INFO - 2019 — fetching batch 336...
2026-08-23 19:04:39,604 - INFO - 2019 — batch 336 saved (500 records, 168000 total out of 181756)
2026-08-23 19:04:40,611 - INFO - 2019 — fetching batch 337...
2026-08-23 19:04:50,874 - INFO - 2019 — batch 337 saved (500 records, 168500 total out of 181256)
2026-08-23 19:04:51,882 - INFO - 2019 — fetching batch 338...
2026-08-23 19:05:01,857 - INFO - 2019 — batch 338 saved (500 records, 169000 total out of 180756)
2026-08-23 19:05:02,861 - INFO - 2019 — fetching batch 339...
2026-08-23 19:05:12,889 - INFO - 2019 — batch 339 saved (500 records, 169500 total out of 180256)
2026-08-23 19:05:13,894 - INFO - 2019 — fetching batch 340...
2026-08-23 19:05:24,730 - INFO - 2019 — batch 340 saved (500 records, 170000 total out of 179756)
2026-08-23 19:05:25,736 - INFO - 2019 — fetching batch 341...
2026-08-23 19:05:36,390 - INFO - 2019 — batch 341 saved (500 records, 170500 total out of 179256)
2026-08-23 19:05:37,393 - INFO - 2019 — fetching batch 342...
2026-08-23 19:05:47,119 - INFO - 2019 — batch 342 saved (500 records, 171000 total out of 178756)
2026-08-23 19:05:48,129 - INFO - 2019 — fetching batch 343...
2026-08-23 19:05:57,786 - INFO - 2019 — batch 343 saved (500 records, 171500 total out of 178256)
2026-08-23 19:05:58,791 - INFO - 2019 — fetching batch 344...
2026-08-23 19:06:12,547 - INFO - 2019 — batch 344 saved (500 records, 172000 total out of 177756)
2026-08-23 19:06:13,551 - INFO - 2019 — fetching batch 345...
2026-08-23 19:06:24,659 - INFO - 2019 — batch 345 saved (500 records, 172500 total out of 177256)
2026-08-23 19:06:25,661 - INFO - 2019 — fetching batch 346...
2026-08-23 19:06:36,670 - INFO - 2019 — batch 346 saved (500 records, 173000 total out of 176756)
2026-08-23 19:06:37,676 - INFO - 2019 — fetching batch 347...
2026-08-23 19:06:47,900 - INFO - 2019 — batch 347 saved (500 records, 173500 total out of 176256)
2026-08-23 19:06:48,905 - INFO - 2019 — fetching batch 348...
2026-08-23 19:07:00,089 - INFO - 2019 — batch 348 saved (500 records, 174000 total out of 175756)
2026-08-23 19:07:01,100 - INFO - 2019 — fetching batch 349...
2026-08-23 19:07:11,739 - INFO - 2019 — batch 349 saved (500 records, 174500 total out of 175256)
2026-08-23 19:07:12,742 - INFO - 2019 — fetching batch 350...
2026-08-23 19:07:21,703 - INFO - 2019 — batch 350 saved (500 records, 175000 total out of 174756)
2026-08-23 19:07:22,713 - INFO - 2019 — fetching batch 351...
2026-08-23 19:07:32,707 - INFO - 2019 — batch 351 saved (500 records, 175500 total out of 174256)
2026-08-23 19:07:33,714 - INFO - 2019 — fetching batch 352...
2026-08-23 19:07:44,544 - INFO - 2019 — batch 352 saved (500 records, 176000 total out of 173756)
2026-08-23 19:07:45,555 - INFO - 2019 — fetching batch 353...
2026-08-23 19:07:55,837 - INFO - 2019 — batch 353 saved (500 records, 176500 total out of 173256)
2026-08-23 19:07:56,848 - INFO - 2019 — fetching batch 354...
2026-08-23 19:08:07,301 - INFO - 2019 — batch 354 saved (500 records, 177000 total out of 172756)
2026-08-23 19:08:08,305 - INFO - 2019 — fetching batch 355...
2026-08-23 19:08:19,003 - INFO - 2019 — batch 355 saved (500 records, 177500 total out of 172256)
2026-08-23 19:08:20,014 - INFO - 2019 — fetching batch 356...
2026-08-23 19:08:30,266 - INFO - 2019 — batch 356 saved (500 records, 178000 total out of 171756)
2026-08-23 19:08:31,273 - INFO - 2019 — fetching batch 357...
2026-08-23 19:08:42,391 - INFO - 2019 — batch 357 saved (500 records, 178500 total out of 171256)
2026-08-23 19:08:43,399 - INFO - 2019 — fetching batch 358...
2026-08-23 19:08:52,672 - INFO - 2019 — batch 358 saved (500 records, 179000 total out of 170756)
2026-08-23 19:08:53,682 - INFO - 2019 — fetching batch 359...
2026-08-23 19:09:03,506 - INFO - 2019 — batch 359 saved (500 records, 179500 total out of 170256)
2026-08-23 19:09:04,519 - INFO - 2019 — fetching batch 360...
2026-08-23 19:09:14,933 - INFO - 2019 — batch 360 saved (500 records, 180000 total out of 169756)
2026-08-23 19:09:15,945 - INFO - 2019 — fetching batch 361...
2026-08-23 19:09:25,467 - INFO - 2019 — batch 361 saved (500 records, 180500 total out of 169256)
2026-08-23 19:09:26,471 - INFO - 2019 — fetching batch 362...
2026-08-23 19:09:36,201 - INFO - 2019 — batch 362 saved (500 records, 181000 total out of 168756)
2026-08-23 19:09:37,223 - INFO - 2019 — fetching batch 363...
2026-08-23 19:09:47,196 - INFO - 2019 — batch 363 saved (500 records, 181500 total out of 168256)
2026-08-23 19:09:48,203 - INFO - 2019 — fetching batch 364...
2026-08-23 19:09:58,086 - INFO - 2019 — batch 364 saved (500 records, 182000 total out of 167756)
2026-08-23 19:09:59,097 - INFO - 2019 — fetching batch 365...
2026-08-23 19:10:11,029 - INFO - 2019 — batch 365 saved (500 records, 182500 total out of 167256)
2026-08-23 19:10:12,040 - INFO - 2019 — fetching batch 366...
2026-08-23 19:10:26,518 - INFO - 2019 — batch 366 saved (500 records, 183000 total out of 166756)
2026-08-23 19:10:27,529 - INFO - 2019 — fetching batch 367...
2026-08-23 19:10:36,878 - INFO - 2019 — batch 367 saved (500 records, 183500 total out of 166256)
2026-08-23 19:10:37,890 - INFO - 2019 — fetching batch 368...
2026-08-23 19:10:48,194 - INFO - 2019 — batch 368 saved (500 records, 184000 total out of 165756)
2026-08-23 19:10:49,204 - INFO - 2019 — fetching batch 369...
2026-08-23 19:10:59,022 - INFO - 2019 — batch 369 saved (500 records, 184500 total out of 165256)
2026-08-23 19:11:00,026 - INFO - 2019 — fetching batch 370...
2026-08-23 19:11:09,934 - INFO - 2019 — batch 370 saved (500 records, 185000 total out of 164756)
2026-08-23 19:11:10,938 - INFO - 2019 — fetching batch 371...
2026-08-23 19:11:20,738 - INFO - 2019 — batch 371 saved (500 records, 185500 total out of 164256)
2026-08-23 19:11:21,746 - INFO - 2019 — fetching batch 372...
2026-08-23 19:11:30,668 - INFO - 2019 — batch 372 saved (500 records, 186000 total out of 163756)
2026-08-23 19:11:31,680 - INFO - 2019 — fetching batch 373...
2026-08-23 19:11:41,312 - INFO - 2019 — batch 373 saved (500 records, 186500 total out of 163256)
2026-08-23 19:11:42,322 - INFO - 2019 — fetching batch 374...
2026-08-23 19:11:52,716 - INFO - 2019 — batch 374 saved (500 records, 187000 total out of 162756)
2026-08-23 19:11:53,720 - INFO - 2019 — fetching batch 375...
2026-08-23 19:12:03,099 - INFO - 2019 — batch 375 saved (500 records, 187500 total out of 162256)
2026-08-23 19:12:04,112 - INFO - 2019 — fetching batch 376...
2026-08-23 20:38:37,804 - INFO - Found credentials in environment variables.
2026-08-23 20:38:37,994 - INFO - === Starting extraction for 2018 ===
2026-08-23 20:38:37,995 - INFO - 2018 — resuming from batch 660 (329356 records already saved)
2026-08-23 20:38:37,995 - INFO - 2018 — already complete, skipping
2026-08-23 20:38:37,995 - INFO - === Starting extraction for 2019 ===
2026-08-23 20:38:37,995 - INFO - 2019 — resuming from batch 376 (187500 records already saved)
2026-08-23 20:38:37,995 - INFO - 2019 — fetching batch 376...
2026-08-23 20:38:40,403 - INFO - 2019 — batch 376 saved (500 records, 188000 total out of 161756)
2026-08-23 20:38:41,413 - INFO - 2019 — fetching batch 377...
2026-08-23 20:38:50,822 - INFO - 2019 — batch 377 saved (500 records, 188500 total out of 161256)
2026-08-23 20:38:51,836 - INFO - 2019 — fetching batch 378...
2026-08-23 20:39:04,349 - INFO - 2019 — batch 378 saved (500 records, 189000 total out of 160756)
2026-08-23 20:39:05,357 - INFO - 2019 — fetching batch 379...
2026-08-23 20:39:15,698 - INFO - 2019 — batch 379 saved (500 records, 189500 total out of 160256)
2026-08-23 20:39:16,703 - INFO - 2019 — fetching batch 380...
2026-08-23 20:39:27,880 - INFO - 2019 — batch 380 saved (500 records, 190000 total out of 159756)
2026-08-23 20:39:28,889 - INFO - 2019 — fetching batch 381...
2026-08-23 20:39:39,549 - INFO - 2019 — batch 381 saved (500 records, 190500 total out of 159256)
2026-08-23 20:39:40,557 - INFO - 2019 — fetching batch 382...
2026-08-23 20:39:51,859 - INFO - 2019 — batch 382 saved (500 records, 191000 total out of 158756)
2026-08-23 20:39:52,866 - INFO - 2019 — fetching batch 383...
2026-08-23 20:40:07,550 - INFO - 2019 — batch 383 saved (500 records, 191500 total out of 158256)
2026-08-23 20:40:08,558 - INFO - 2019 — fetching batch 384...
2026-08-23 20:40:20,429 - INFO - 2019 — batch 384 saved (500 records, 192000 total out of 157756)
2026-08-23 20:40:21,433 - INFO - 2019 — fetching batch 385...
2026-08-23 20:40:31,439 - INFO - 2019 — batch 385 saved (500 records, 192500 total out of 157256)
2026-08-23 20:40:32,443 - INFO - 2019 — fetching batch 386...
2026-08-23 20:40:41,762 - INFO - 2019 — batch 386 saved (500 records, 193000 total out of 156756)
2026-08-23 20:40:42,765 - INFO - 2019 — fetching batch 387...
2026-08-23 20:40:52,869 - INFO - 2019 — batch 387 saved (500 records, 193500 total out of 156256)
2026-08-23 20:40:53,875 - INFO - 2019 — fetching batch 388...
2026-08-23 20:41:05,122 - INFO - 2019 — batch 388 saved (500 records, 194000 total out of 155756)
2026-08-23 20:41:06,128 - INFO - 2019 — fetching batch 389...
2026-08-23 20:41:15,768 - INFO - 2019 — batch 389 saved (500 records, 194500 total out of 155256)
2026-08-23 20:41:16,783 - INFO - 2019 — fetching batch 390...
2026-08-23 20:41:26,144 - INFO - 2019 — batch 390 saved (500 records, 195000 total out of 154756)
2026-08-23 20:41:27,147 - INFO - 2019 — fetching batch 391...
2026-08-23 20:41:36,665 - INFO - 2019 — batch 391 saved (500 records, 195500 total out of 154256)
2026-08-23 20:41:37,672 - INFO - 2019 — fetching batch 392...
2026-08-23 20:41:47,172 - INFO - 2019 — batch 392 saved (500 records, 196000 total out of 153756)
2026-08-23 20:41:48,179 - INFO - 2019 — fetching batch 393...
2026-08-23 20:41:58,062 - INFO - 2019 — batch 393 saved (500 records, 196500 total out of 153256)
2026-08-23 20:41:59,069 - INFO - 2019 — fetching batch 394...
2026-08-23 20:42:08,024 - INFO - 2019 — batch 394 saved (500 records, 197000 total out of 152756)
2026-08-23 20:42:09,030 - INFO - 2019 — fetching batch 395...
2026-08-23 20:42:22,046 - INFO - 2019 — batch 395 saved (500 records, 197500 total out of 152256)
2026-08-23 20:42:23,053 - INFO - 2019 — fetching batch 396...
2026-08-23 20:42:33,403 - INFO - 2019 — batch 396 saved (500 records, 198000 total out of 151756)
2026-08-23 20:42:34,405 - INFO - 2019 — fetching batch 397...
2026-08-23 20:42:43,852 - INFO - 2019 — batch 397 saved (500 records, 198500 total out of 151256)
2026-08-23 20:42:44,859 - INFO - 2019 — fetching batch 398...
2026-08-23 20:42:53,914 - INFO - 2019 — batch 398 saved (500 records, 199000 total out of 150756)
2026-08-23 20:42:54,917 - INFO - 2019 — fetching batch 399...
2026-08-23 20:43:04,644 - INFO - 2019 — batch 399 saved (500 records, 199500 total out of 150256)
2026-08-23 20:43:05,651 - INFO - 2019 — fetching batch 400...
2026-08-23 20:43:15,377 - INFO - 2019 — batch 400 saved (500 records, 200000 total out of 149756)
2026-08-23 20:43:16,384 - INFO - 2019 — fetching batch 401...
2026-08-23 20:43:26,663 - INFO - 2019 — batch 401 saved (500 records, 200500 total out of 149256)
2026-08-23 20:43:27,666 - INFO - 2019 — fetching batch 402...
2026-08-23 20:43:37,925 - INFO - 2019 — batch 402 saved (500 records, 201000 total out of 148756)
2026-08-23 20:43:38,929 - INFO - 2019 — fetching batch 403...
2026-08-23 20:43:47,544 - INFO - 2019 — batch 403 saved (500 records, 201500 total out of 148256)
2026-08-23 20:43:48,551 - INFO - 2019 — fetching batch 404...
2026-08-23 20:43:57,705 - INFO - 2019 — batch 404 saved (500 records, 202000 total out of 147756)
2026-08-23 20:43:58,714 - INFO - 2019 — fetching batch 405...
2026-08-23 20:44:08,940 - INFO - 2019 — batch 405 saved (500 records, 202500 total out of 147256)
2026-08-23 20:44:09,942 - INFO - 2019 — fetching batch 406...
2026-08-23 20:44:19,615 - INFO - 2019 — batch 406 saved (500 records, 203000 total out of 146756)
2026-08-23 20:44:20,618 - INFO - 2019 — fetching batch 407...
2026-08-23 20:44:30,868 - INFO - 2019 — batch 407 saved (500 records, 203500 total out of 146256)
2026-08-23 20:44:31,873 - INFO - 2019 — fetching batch 408...
2026-08-23 20:44:42,058 - INFO - 2019 — batch 408 saved (500 records, 204000 total out of 145756)
2026-08-23 20:44:43,064 - INFO - 2019 — fetching batch 409...
2026-08-23 20:44:52,685 - INFO - 2019 — batch 409 saved (500 records, 204500 total out of 145256)
2026-08-23 20:44:53,691 - INFO - 2019 — fetching batch 410...
2026-08-23 20:45:03,417 - INFO - 2019 — batch 410 saved (500 records, 205000 total out of 144756)
2026-08-23 20:45:04,423 - INFO - 2019 — fetching batch 411...
2026-08-23 20:45:14,593 - INFO - 2019 — batch 411 saved (500 records, 205500 total out of 144256)
2026-08-23 20:45:15,599 - INFO - 2019 — fetching batch 412...
2026-08-23 20:45:24,572 - INFO - 2019 — batch 412 saved (500 records, 206000 total out of 143756)
2026-08-23 20:45:25,575 - INFO - 2019 — fetching batch 413...
2026-08-23 20:45:34,472 - INFO - 2019 — batch 413 saved (500 records, 206500 total out of 143256)
2026-08-23 20:45:35,476 - INFO - 2019 — fetching batch 414...
2026-08-23 20:45:45,752 - INFO - 2019 — batch 414 saved (500 records, 207000 total out of 142756)
2026-08-23 20:45:46,759 - INFO - 2019 — fetching batch 415...
2026-08-23 20:45:57,289 - INFO - 2019 — batch 415 saved (500 records, 207500 total out of 142256)
2026-08-23 20:45:58,298 - INFO - 2019 — fetching batch 416...
2026-08-23 20:46:08,751 - INFO - 2019 — batch 416 saved (500 records, 208000 total out of 141756)
2026-08-23 20:46:09,759 - INFO - 2019 — fetching batch 417...
2026-08-23 20:46:18,846 - INFO - 2019 — batch 417 saved (500 records, 208500 total out of 141256)
2026-08-23 20:46:19,857 - INFO - 2019 — fetching batch 418...
2026-08-23 20:46:30,021 - INFO - 2019 — batch 418 saved (500 records, 209000 total out of 140756)
2026-08-23 20:46:31,027 - INFO - 2019 — fetching batch 419...
2026-08-23 20:46:40,207 - INFO - 2019 — batch 419 saved (500 records, 209500 total out of 140256)
2026-08-23 20:46:41,214 - INFO - 2019 — fetching batch 420...
2026-08-23 20:46:52,789 - INFO - 2019 — batch 420 saved (500 records, 210000 total out of 139756)
2026-08-23 20:46:53,793 - INFO - 2019 — fetching batch 421...
2026-08-23 20:47:04,848 - INFO - 2019 — batch 421 saved (500 records, 210500 total out of 139256)
2026-08-23 20:47:05,853 - INFO - 2019 — fetching batch 422...
2026-08-23 20:47:15,957 - INFO - 2019 — batch 422 saved (500 records, 211000 total out of 138756)
2026-08-23 20:47:16,960 - INFO - 2019 — fetching batch 423...
2026-08-23 20:47:26,057 - INFO - 2019 — batch 423 saved (500 records, 211500 total out of 138256)
2026-08-23 20:47:27,067 - INFO - 2019 — fetching batch 424...
2026-08-23 20:47:36,296 - INFO - 2019 — batch 424 saved (500 records, 212000 total out of 137756)
2026-08-23 20:47:37,307 - INFO - 2019 — fetching batch 425...
2026-08-23 20:47:46,366 - INFO - 2019 — batch 425 saved (500 records, 212500 total out of 137256)
2026-08-23 20:47:47,371 - INFO - 2019 — fetching batch 426...
2026-08-23 20:47:56,337 - INFO - 2019 — batch 426 saved (500 records, 213000 total out of 136756)
2026-08-23 20:47:57,350 - INFO - 2019 — fetching batch 427...
2026-08-23 20:48:06,688 - INFO - 2019 — batch 427 saved (500 records, 213500 total out of 136256)
2026-08-23 20:48:07,697 - INFO - 2019 — fetching batch 428...
2026-08-23 20:48:17,409 - INFO - 2019 — batch 428 saved (500 records, 214000 total out of 135756)
2026-08-23 20:48:18,410 - INFO - 2019 — fetching batch 429...
2026-08-23 20:48:28,152 - INFO - 2019 — batch 429 saved (500 records, 214500 total out of 135256)
2026-08-23 20:48:29,160 - INFO - 2019 — fetching batch 430...
2026-08-23 20:48:38,999 - INFO - 2019 — batch 430 saved (500 records, 215000 total out of 134756)
2026-08-23 20:48:40,001 - INFO - 2019 — fetching batch 431...
2026-08-23 20:48:50,937 - INFO - 2019 — batch 431 saved (500 records, 215500 total out of 134256)
2026-08-23 20:48:51,948 - INFO - 2019 — fetching batch 432...
2026-08-23 20:49:01,553 - INFO - 2019 — batch 432 saved (500 records, 216000 total out of 133756)
2026-08-23 20:49:02,559 - INFO - 2019 — fetching batch 433...
2026-08-23 20:49:11,673 - INFO - 2019 — batch 433 saved (500 records, 216500 total out of 133256)
2026-08-23 20:49:12,685 - INFO - 2019 — fetching batch 434...
2026-08-23 20:49:21,661 - INFO - 2019 — batch 434 saved (500 records, 217000 total out of 132756)
2026-08-23 20:49:22,666 - INFO - 2019 — fetching batch 435...
2026-08-23 20:49:33,587 - INFO - 2019 — batch 435 saved (500 records, 217500 total out of 132256)
2026-08-23 20:49:34,598 - INFO - 2019 — fetching batch 436...
2026-08-23 20:49:44,164 - INFO - 2019 — batch 436 saved (500 records, 218000 total out of 131756)
2026-08-23 20:49:45,175 - INFO - 2019 — fetching batch 437...
2026-08-23 20:49:54,093 - INFO - 2019 — batch 437 saved (500 records, 218500 total out of 131256)
2026-08-23 20:49:55,100 - INFO - 2019 — fetching batch 438...
2026-08-23 20:50:04,764 - INFO - 2019 — batch 438 saved (500 records, 219000 total out of 130756)
2026-08-23 20:50:05,776 - INFO - 2019 — fetching batch 439...
2026-08-23 20:50:16,982 - INFO - 2019 — batch 439 saved (500 records, 219500 total out of 130256)
2026-08-23 20:50:17,992 - INFO - 2019 — fetching batch 440...
2026-08-23 20:50:28,067 - INFO - 2019 — batch 440 saved (500 records, 220000 total out of 129756)
2026-08-23 20:50:29,076 - INFO - 2019 — fetching batch 441...
2026-08-23 20:50:38,163 - INFO - 2019 — batch 441 saved (500 records, 220500 total out of 129256)
2026-08-23 20:50:39,167 - INFO - 2019 — fetching batch 442...
2026-08-23 20:50:50,943 - INFO - 2019 — batch 442 saved (500 records, 221000 total out of 128756)
2026-08-23 20:50:51,953 - INFO - 2019 — fetching batch 443...
2026-08-23 20:51:01,996 - INFO - 2019 — batch 443 saved (500 records, 221500 total out of 128256)
2026-08-23 20:51:02,999 - INFO - 2019 — fetching batch 444...
2026-08-23 20:51:11,909 - INFO - 2019 — batch 444 saved (500 records, 222000 total out of 127756)
2026-08-23 20:51:12,920 - INFO - 2019 — fetching batch 445...
2026-08-23 20:51:21,751 - INFO - 2019 — batch 445 saved (500 records, 222500 total out of 127256)
2026-08-23 20:51:22,754 - INFO - 2019 — fetching batch 446...
2026-08-25 18:15:48,946 - INFO - Found credentials in shared credentials file: ~/.aws/credentials
2026-08-25 18:15:49,078 - INFO - === Starting extraction for 2018 ===
2026-08-25 18:15:49,078 - INFO - 2018 — resuming from batch 660 (329356 records already saved)
2026-08-25 18:15:49,078 - INFO - 2018 — already complete, skipping
2026-08-25 18:15:49,078 - INFO - === Starting extraction for 2019 ===
2026-08-25 18:15:49,079 - INFO - 2019 — resuming from batch 446 (222500 records already saved)
2026-08-25 18:15:49,079 - INFO - 2019 — fetching batch 446...
2026-08-25 18:16:00,851 - INFO - 2019 — batch 446 saved (500 records, 223000 total out of 126756)
2026-08-25 18:16:01,857 - INFO - 2019 — fetching batch 447...
2026-08-25 18:16:10,506 - INFO - 2019 — batch 447 saved (500 records, 223500 total out of 126256)
2026-08-25 18:16:11,511 - INFO - 2019 — fetching batch 448...
